Window,Available Observations,Missingness,Feature Variance,Sequence Length
6h,58,0.7156862745098039,48.00812916666666,258
12h,100,0.7549019607843137,41.48257336363636,258
24h,193,0.7634803921568627,109.87853254336846,258
48h,390,0.7610294117647058,742.6950579532629,258
6h,42,0.7941176470588235,3.896222916666667,34
12h,80,0.803921568627451,44.93697904040404,34
24h,191,0.7659313725490197,53.80065641810516,34
6h,33,0.8382352941176471,27.411304166666667,134
12h,73,0.821078431372549,81.0928337099567,134
24h,179,0.7806372549019608,50.99481806785574,134
48h,356,0.7818627450980392,51.329265500558655,134
6h,51,0.75,129.17167666666666,19
6h,80,0.6078431372549019,4.69831507936508,31
12h,153,0.625,200.50558279761904,31
6h,36,0.8235294117647058,19.160466666666665,73
12h,54,0.8676470588235294,48.124979100529096,73
24h,126,0.8455882352941176,99.72751136045328,73
48h,219,0.8658088235294118,87.29524955116213,73
6h,45,0.7794117647058824,3.116164102564103,25
12h,82,0.7990196078431373,6.888229403409091,25
6h,39,0.8088235294117647,92.13928571428572,28
12h,85,0.7916666666666666,123.21953901515153,28
6h,14,0.9313725490196079,,104
12h,24,0.9411764705882353,77.72355999999999,104
24h,85,0.8958333333333334,57.57650705128206,104
48h,214,0.8688725490196079,149.8332192692577,104
6h,38,0.8137254901960784,59.26839555555555,61
12h,65,0.8406862745098039,44.598424747474745,61
24h,138,0.8308823529411765,148.7334305432249,61
48h,284,0.8259803921568627,58.14328674290326,61
6h,38,0.8137254901960784,42.30694444444445,23
12h,93,0.7720588235294118,24.861883116883114,23
6h,45,0.7794117647058824,32.095370370370375,69
12h,100,0.7549019607843137,16.11725725677831,69
24h,170,0.7916666666666666,20.96155121691789,69
48h,404,0.7524509803921569,2494.363930703877,69
6h,40,0.803921568627451,83.60075625,97
12h,78,0.8088235294117647,54.69842083333333,97
24h,194,0.7622549019607843,17.46374799711946,97
48h,405,0.7518382352941176,40.05297462903807,97
6h,40,0.803921568627451,59.84738095238095,65
12h,79,0.8063725490196079,73.33124848484849,65
24h,167,0.7953431372549019,67.22856462450594,65
48h,338,0.7928921568627451,69.3767513317331,65
6h,30,0.8529411764705882,55.125,84
12h,65,0.8406862745098039,21.190395833333337,84
24h,158,0.8063725490196079,28.303470093984963,84
48h,328,0.7990196078431373,14.15697944596744,84
6h,115,0.4362745098039216,24.213693269230774,81
12h,174,0.5735294117647058,80.86485940934065,81
24h,272,0.6666666666666666,7243.597046379029,81
48h,485,0.7028186274509803,4568.462922065029,81
6h,38,0.8137254901960784,3.4099199999999996,23
12h,84,0.7941176470588235,14.123322626262627,23
6h,30,0.8529411764705882,31.400000000000002,18
6h,59,0.7107843137254902,66.85295333333333,62
12h,130,0.6813725490196079,50.45496356060606,62
24h,257,0.6850490196078431,54.16956228931955,62
48h,540,0.6691176470588235,36998.16961691305,62
6h,66,0.6764705882352942,8.77739537037037,100
12h,110,0.7303921568627451,9.995323444976076,100
24h,223,0.7267156862745098,81.2984069811258,100
48h,353,0.7837009803921569,57.52328476327704,100
6h,42,0.7941176470588235,13.881633333333333,41
12h,87,0.7867647058823529,10.18743950413223,41
24h,189,0.7683823529411765,14.879706306527186,41
6h,19,0.9068627450980392,28.447259999999993,94
12h,60,0.8529411764705882,61.34932653061225,94
24h,91,0.8884803921568627,29.988732672176308,94
48h,195,0.8805147058823529,879.3589167829774,94
6h,31,0.8480392156862745,31.520876190476194,98
12h,64,0.8431372549019608,31.706158379715525,98
24h,120,0.8529411764705882,28.345411953429593,98
48h,244,0.8504901960784313,11.976488554406094,98
6h,49,0.7598039215686274,19.661568181818183,64
12h,100,0.7549019607843137,31.7667058008658,64
24h,191,0.7659313725490197,36.47484943785683,64
48h,374,0.7708333333333334,165.6797230966141,64
6h,52,0.7450980392156863,18.603635833333335,64
12h,106,0.7401960784313726,12.533214873222018,64
24h,255,0.6875,29.489355033300033,64
48h,440,0.7303921568627451,407.857943770648,64
6h,64,0.6862745098039216,10.493974074074075,147
12h,111,0.7279411764705882,100.8974732034632,147
24h,221,0.7291666666666666,83.6545442694469,147
48h,449,0.7248774509803921,72.25391584329132,147
6h,56,0.7254901960784313,24.908464583333334,44
12h,95,0.7671568627450981,16.57229507575758,44
24h,177,0.7830882352941176,23.9217915037594,44
6h,41,0.7990196078431373,41.84274285714286,148
12h,80,0.803921568627451,29.561662499999997,148
24h,176,0.7843137254901961,44.629317898550724,148
48h,348,0.7867647058823529,33.52206937074842,148
6h,70,0.6568627450980392,11.272437555555557,38
12h,143,0.6495098039215687,86.03081787624141,38
24h,274,0.6642156862745098,62.2548123115115,38
6h,0,1.0,,58
12h,0,1.0,,58
24h,97,0.8811274509803921,14.040965600448933,58
48h,306,0.8125,17.633991427745926,58
6h,51,0.75,1.7047619047619047,214
12h,98,0.7598039215686274,1572.3080016161616,214
24h,175,0.7855392156862745,1369.8843354791554,214
48h,394,0.758578431372549,466.3160066284796,214
6h,43,0.7892156862745098,10.889602777777776,50
12h,69,0.8308823529411765,26.842918834175084,50
24h,144,0.8235294117647058,15.093897122747583,50
6h,55,0.7303921568627451,39.93765625,92
12h,92,0.7745098039215687,36.51751653138528,92
24h,169,0.7928921568627451,78.03250280575092,92
48h,337,0.7935049019607843,63.79043172135204,92
6h,70,0.6568627450980392,39.57140763888889,29
12h,132,0.6764705882352942,27074.5746434303,29
6h,35,0.8284313725490197,8.313598888888889,251
12h,66,0.8382352941176471,98.21659982323234,251
24h,140,0.8284313725490197,76.49229083819563,251
48h,291,0.8216911764705882,26.68575268234158,251
6h,24,0.8823529411764706,91.97050066666668,51
12h,58,0.8578431372549019,149.70397593193846,51
24h,100,0.8774509803921569,92.43554099977996,51
6h,32,0.8431372549019608,10.852777777777776,76
12h,58,0.8578431372549019,12.697035858585858,76
24h,139,0.8296568627450981,13.463536816864297,76
48h,208,0.8725490196078431,10.454261913558527,76
6h,40,0.803921568627451,25.044600000000003,254
12h,80,0.803921568627451,28.91393977272727,254
24h,171,0.7904411764705882,27.71397157155797,254
48h,351,0.7849264705882353,51.49936842578041,254
6h,38,0.8137254901960784,85.64444444444445,93
12h,96,0.7647058823529411,58.0287284090909,93
24h,166,0.7965686274509803,58.119919792490116,93
48h,347,0.7873774509803921,61.28944204745978,93
6h,52,0.7450980392156863,11.950011111111111,27
12h,126,0.6911764705882353,13.022802028985508,27
6h,46,0.7745098039215687,22.625680000000003,117
12h,93,0.7720588235294118,38.98871795454545,117
24h,222,0.7279411764705882,18.48993566252588,117
48h,468,0.7132352941176471,32.00486776927315,117
6h,37,0.8186274509803921,29.44666666666667,68
12h,55,0.8651960784313726,29.319674074074072,68
24h,97,0.8811274509803921,56.626802230248835,68
48h,234,0.8566176470588235,70.43879913943722,68
6h,37,0.8186274509803921,48.199999999999996,57
12h,78,0.8088235294117647,42.47257537878788,57
24h,169,0.7928921568627451,215.8606318078299,57
48h,311,0.8094362745098039,105.61828329741157,57
6h,32,0.8431372549019608,24.76233111111111,38
12h,70,0.8284313725490197,67.98312154882154,38
24h,148,0.8186274509803921,26.70845960595305,38
6h,38,0.8137254901960784,24.999999999999996,17
6h,46,0.7745098039215687,14.04325875,41
12h,110,0.7303921568627451,14.648807196969699,41
24h,209,0.7438725490196079,59.47433554959533,41
6h,30,0.8529411764705882,14.01,83
12h,60,0.8529411764705882,32.51651515151515,83
24h,137,0.8321078431372549,38.57327415458938,83
48h,264,0.8382352941176471,58.03158935587395,83
6h,49,0.7598039215686274,27.101215277777783,74
12h,88,0.7843137254901961,28.485401370851367,74
24h,183,0.7757352941176471,91.81601835430811,74
48h,336,0.7941176470588235,108.8128613778577,74
6h,61,0.7009803921568627,10.052777777777777,31
12h,107,0.7377450980392157,16.321009269162207,31
6h,50,0.7549019607843137,12.129704761904762,71
12h,78,0.8088235294117647,17.16029247159091,71
24h,117,0.8566176470588235,28.71182193362194,71
48h,238,0.8541666666666666,67.12584784856236,71
6h,60,0.7058823529411765,17.210204545454545,18
6h,70,0.6568627450980392,18.727133333333335,21
6h,44,0.7843137254901961,62.75903333333333,108
12h,77,0.8112745098039216,306.8840571428571,108
24h,138,0.8308823529411765,197.09236096377307,108
48h,204,0.875,94.14549167492099,108
6h,45,0.7794117647058824,130.7904761904762,161
12h,106,0.7401960784313726,75.71481975524476,161
24h,204,0.75,45.542301981408286,161
48h,390,0.7610294117647058,134.7863890189347,161
6h,46,0.7745098039215687,23.84368333333333,62
12h,107,0.7377450980392157,22.05228717040535,62
24h,209,0.7438725490196079,204.81676878191857,62
48h,360,0.7794117647058824,106.60626966210408,62
6h,47,0.7696078431372549,41.79598958333334,79
12h,96,0.7647058823529411,25.61063272727273,79
24h,222,0.7279411764705882,86.40757120448178,79
48h,464,0.7156862745098039,406.1681954764573,79
6h,44,0.7843137254901961,46.143750000000004,32
12h,86,0.7892156862745098,20.22591722488038,32
6h,48,0.7647058823529411,23.925388095238098,138
12h,116,0.7156862745098039,22.68855055096419,138
24h,210,0.7426470588235294,47.86677787247475,138
48h,391,0.7604166666666666,63.608631795081244,138
6h,57,0.7205882352941176,26.2875,22
12h,97,0.7622549019607843,177.51568737373736,22
6h,43,0.7892156862745098,23.277222916666666,81
12h,92,0.7745098039215687,21.981863774104685,81
24h,171,0.7904411764705882,18.431556709101176,81
48h,347,0.7873774509803921,90.26422922543237,81
6h,39,0.8088235294117647,36.86992142857143,81
12h,78,0.8088235294117647,34.1761446969697,81
24h,185,0.7732843137254902,33.60200687198067,81
48h,368,0.7745098039215687,762.8176336424933,81
6h,33,0.8382352941176471,24.682350000000003,221
12h,76,0.8137254901960784,29.792973611111112,221
24h,126,0.8455882352941176,37.642548725490194,221
48h,303,0.8143382352941176,323.91273686870153,221
6h,53,0.7401960784313726,57.35986666666667,51
12h,130,0.6813725490196079,62.877302388591794,51
24h,241,0.7046568627450981,86.29171079471388,51
6h,59,0.7107843137254902,21.720564444444445,75
12h,103,0.7475490196078431,26.476114260249553,75
24h,208,0.7450980392156863,75.6862656787555,75
48h,347,0.7873774509803921,52.56232751245659,75
6h,80,0.6078431372549019,2.301018518518519,32
12h,140,0.6568627450980392,8.30181250909091,32
6h,40,0.803921568627451,4.367857142857143,39
12h,89,0.7818627450980392,9.636089807162534,39
24h,205,0.7487745098039216,6.754448592949766,39
6h,27,0.8676470588235294,52.470000000000006,18
6h,33,0.8382352941176471,17.49285714285714,42
12h,76,0.8137254901960784,33.25895416666666,42
24h,167,0.7953431372549019,36.3500278904992,42
6h,29,0.8578431372549019,154.3267542857143,215
12h,67,0.8357843137254902,98.60823214285713,215
24h,118,0.8553921568627451,126.65003734569268,215
48h,266,0.8370098039215687,100.16383221114802,215
6h,47,0.7696078431372549,7.260433333333332,81
12h,102,0.75,139.97671519607843,81
24h,223,0.7267156862745098,86.67087530663781,81
48h,397,0.7567401960784313,81.92592970342999,81
6h,42,0.7941176470588235,22.244947916666668,153
12h,83,0.7965686274509803,26.372973484848483,153
24h,166,0.7965686274509803,16.280268648018648,153
48h,346,0.7879901960784313,21.3238782967759,153
6h,40,0.803921568627451,99.60983095238096,61
12h,82,0.7990196078431373,65.96201071428571,61
24h,208,0.7450980392156863,40.096946774421234,61
48h,411,0.7481617647058824,138.14824442782256,61
6h,62,0.696078431372549,27.677541666666666,43
12h,102,0.75,33.18607638888889,43
24h,177,0.7830882352941176,40.051611846034405,43
6h,53,0.7401960784313726,2.7114583333333333,33
12h,96,0.7647058823529411,6.0716723484848485,33
6h,25,0.8774509803921569,16.207963888888887,63
12h,51,0.875,38.44293262385762,63
24h,140,0.8284313725490197,11.761409557295295,63
48h,299,0.8167892156862745,21.134917062973,63
6h,40,0.803921568627451,96.99408958333333,97
12h,78,0.8088235294117647,70.38006363636364,97
24h,178,0.7818627450980392,25.308120199275365,97
48h,363,0.7775735294117647,93.07947579752192,97
6h,75,0.6323529411764706,36.29259588888888,17
6h,28,0.8627450980392157,68.71612,101
12h,61,0.8504901960784313,55.3570702020202,101
24h,132,0.8382352941176471,90.83682438332602,101
48h,274,0.8321078431372549,73.37281559902914,101
6h,43,0.7892156862745098,24.343035714285712,45
12h,94,0.7696078431372549,17.683344077134986,45
24h,186,0.7720588235294118,70.9765257004831,45
6h,35,0.8284313725490197,3.167422916666667,18
6h,55,0.7303921568627451,8.52295641025641,152
12h,107,0.7377450980392157,12.99000609307359,152
24h,224,0.7254901960784313,39.831646227533234,152
48h,437,0.7322303921568627,46.97475822782231,152
6h,45,0.7794117647058824,18.524583333333336,173
12h,87,0.7867647058823529,19.215536616161614,173
24h,190,0.7671568627450981,20.8668226049313,173
48h,382,0.7659313725490197,89.61831235792296,173
6h,74,0.6372549019607843,7.870993650793652,78
12h,118,0.7107843137254902,72.64894269972451,78
24h,213,0.7389705882352942,55.255255461865026,78
48h,417,0.7444852941176471,140.4224715361079,78
6h,42,0.7941176470588235,99.26324479166666,220
12h,74,0.8186274509803921,84.30113172979799,220
24h,167,0.7953431372549019,77.1693400779617,220
48h,347,0.7873774509803921,25.08665795287402,220
6h,46,0.7745098039215687,8.894444444444446,24
12h,78,0.8088235294117647,16.668531515151514,24
6h,40,0.803921568627451,104.33825625000001,76
12h,78,0.8088235294117647,108.44280037878787,76
24h,184,0.7745098039215687,32.14542954164067,76
48h,370,0.7732843137254902,73.79755475901848,76
6h,21,0.8970588235294118,16.4,17
6h,52,0.7450980392156863,21.477214583333332,44
12h,119,0.7083333333333334,5.027166391184573,44
24h,256,0.6862745098039216,164.4667398553379,44
6h,37,0.8186274509803921,38.522400000000005,55
12h,89,0.7818627450980392,34.39564484848485,55
24h,169,0.7928921568627451,95.73783471532091,55
6h,67,0.6715686274509803,25.092355158730157,18
6h,66,0.6764705882352942,41.989337500000005,90
12h,137,0.6642156862745098,32.99068955176768,90
24h,282,0.6544117647058824,48.279372970439375,90
48h,497,0.6954656862745098,448.90508197005164,90
6h,41,0.7990196078431373,9.358920000000001,20
6h,41,0.7990196078431373,33.51819875,156
12h,83,0.7965686274509803,84.00159147727271,156
24h,176,0.7843137254901961,64.06054492236025,156
48h,333,0.7959558823529411,76.45826495341615,156
6h,33,0.8382352941176471,12.420700000000002,40
12h,56,0.8627450980392157,13.745357239057236,40
24h,140,0.8284313725490197,20.701692700384502,40
6h,32,0.8431372549019608,55.822542,23
12h,84,0.7941176470588235,121.48974794372296,23
6h,45,0.7794117647058824,60.03340066666667,184
12h,78,0.8088235294117647,72.33328383838384,184
24h,144,0.8235294117647058,56.65648593611358,184
48h,307,0.8118872549019608,57.630554362055115,184
6h,28,0.8627450980392157,40.28333333333333,70
12h,52,0.8725490196078431,33.93483345959596,70
24h,127,0.8443627450980392,41.48306785243742,70
48h,333,0.7959558823529411,46.08528059997967,70
6h,35,0.8284313725490197,43.83888888888888,45
12h,83,0.7965686274509803,283.52955606060607,45
24h,154,0.8112745098039216,139.0974447635778,45
6h,37,0.8186274509803921,50.80305625,173
12h,102,0.75,22.279133403479236,173
24h,189,0.7683823529411765,26.525858225931678,173
48h,383,0.7653186274509803,95.18230496177581,173
6h,57,0.7205882352941176,137.40833333333333,167
12h,107,0.7377450980392157,41.56885204545455,167
24h,216,0.7352941176470589,70.97269477470356,167
48h,410,0.7487745098039216,74.16300172256152,167
6h,78,0.6176470588235294,26.5902875,16
6h,68,0.6666666666666666,167.06352947916668,18
6h,72,0.6470588235294118,22.041409523809527,37
12h,136,0.6666666666666666,22.520280923520925,37
24h,279,0.6580882352941176,38.49577184367333,37
6h,86,0.5784313725490197,21.132546031746035,86
12h,177,0.5661764705882353,23649.023632355813,86
24h,317,0.6115196078431373,23797.302803302387,86
48h,625,0.6170343137254902,23876.099687064558,86
6h,47,0.7696078431372549,45.691286111111104,23
12h,98,0.7598039215686274,15.31743391053391,23
6h,34,0.8333333333333334,21.45965,161
12h,75,0.8161764705882353,121.97017130681817,161
24h,182,0.7769607843137255,34.7208598061359,161
48h,361,0.7787990196078431,89.75632119826632,161
6h,0,1.0,,28
12h,25,0.9387254901960784,12.55,28
6h,43,0.7892156862745098,8.158141666666666,57
12h,81,0.8014705882352942,22.95945871212121,57
24h,179,0.7806372549019608,31.960225205314003,57
48h,357,0.78125,397.8710889185363,57
6h,42,0.7941176470588235,6.641845238095238,128
12h,106,0.7401960784313726,13.117436019283746,128
24h,184,0.7745098039215687,15.362036201726466,128
48h,353,0.7837009803921569,28.230614655373518,128
6h,45,0.7794117647058824,62.49626666666667,31
12h,104,0.7450980392156863,65.97294589646465,31
6h,49,0.7598039215686274,39.77992333333333,34
12h,120,0.7058823529411765,36.45571713498623,34
24h,244,0.7009803921568627,115.83784858111392,34
6h,23,0.8872549019607843,42.79761904761905,225
12h,71,0.8259803921568627,116.88736488095239,225
24h,148,0.8186274509803921,87.72798423611111,225
48h,325,0.8008578431372549,40.67698917991073,225
6h,29,0.8578431372549019,19.305555555555557,72
12h,70,0.8284313725490197,43.05600627705628,72
24h,164,0.7990196078431373,198.07592170426068,72
48h,352,0.7843137254901961,141.85419543198944,72
6h,35,0.8284313725490197,28.609533333333335,279
12h,71,0.8259803921568627,23.030105454545453,279
24h,155,0.8100490196078431,54.762735798199394,279
48h,296,0.8186274509803921,28.585739569110785,279
6h,26,0.8725490196078431,27.823876666666667,127
12h,52,0.8725490196078431,33.14904909090909,127
24h,127,0.8443627450980392,16.912767888198758,127
48h,280,0.8284313725490197,38.91229988927574,127
6h,58,0.7156862745098039,95.74929791666668,57
12h,84,0.7941176470588235,66.7995303030303,57
24h,168,0.7941176470588235,71.84677288499024,57
6h,26,0.8725490196078431,14.876223333333334,16
6h,40,0.803921568627451,24.594047619047622,30
12h,78,0.8088235294117647,19.47453636363636,30
6h,73,0.6421568627450981,2.9189999999999996,18
6h,70,0.6568627450980392,65.56287246376812,16
6h,0,1.0,,123
12h,0,1.0,,123
24h,48,0.9411764705882353,269.2142857142857,123
48h,219,0.8658088235294118,61.20142345969872,123
6h,13,0.9362745098039216,,45
12h,13,0.9681372549019608,,45
24h,37,0.9546568627450981,18.321209999999997,45
6h,67,0.6715686274509803,17.102039393939393,25
12h,111,0.7279411764705882,25.842090358126722,25
6h,60,0.7058823529411765,6.971238095238095,85
12h,119,0.7083333333333334,5.995235968379446,85
24h,211,0.741421568627451,14.973934775060387,85
48h,450,0.7242647058823529,24.068839600134734,85
6h,54,0.7352941176470589,16.47073333333333,43
12h,124,0.696078431372549,10.47373724941725,43
24h,188,0.7696078431372549,18.96676680680431,43
6h,34,0.8333333333333334,13.255585000000002,34
12h,67,0.8357843137254902,22.906230735930738,34
24h,147,0.8198529411764706,137.42845302089216,34
6h,48,0.7647058823529411,23.602796666666666,117
12h,79,0.8063725490196079,44.33824718614718,117
24h,150,0.8161764705882353,26.891246630317145,117
48h,300,0.8161764705882353,79.38864277806033,117
6h,43,0.7892156862745098,1.5694444444444444,41
12h,69,0.8308823529411765,4.5717560217560225,41
24h,141,0.8272058823529411,148.01539107796393,41
6h,66,0.6764705882352942,9.886764705882353,25
12h,118,0.7107843137254902,33.20434118181818,25
6h,0,1.0,,198
12h,25,0.9387254901960784,1.27508,198
24h,103,0.8737745098039216,59.99968251748251,198
48h,244,0.8504901960784313,222.8321932091982,198
6h,71,0.6519607843137255,17.53423,110
12h,140,0.6568627450980392,8895.366932878787,110
24h,272,0.6666666666666666,45608.43138142357,110
48h,542,0.6678921568627451,150801.68019110203,110
6h,38,0.8137254901960784,2.8055555555555554,32
12h,85,0.7916666666666666,7.8670221763085415,32
6h,40,0.803921568627451,50.64174222222223,76
12h,74,0.8186274509803921,86.82264047619049,76
24h,150,0.8161764705882353,43.48396965556183,76
48h,290,0.8223039215686274,126.77461009549147,76
6h,36,0.8235294117647058,73.94474444444444,265
12h,71,0.8259803921568627,20.926088816738815,265
24h,125,0.8468137254901961,19.236014589416794,265
48h,257,0.8425245098039216,52.58282167320927,265
6h,33,0.8382352941176471,12.162500000000001,47
12h,78,0.8088235294117647,39.23967922077922,47
24h,142,0.8259803921568627,42.331346307171096,47
6h,11,0.946078431372549,16.9,93
12h,28,0.9313725490196079,12.238471666666667,93
24h,107,0.8688725490196079,42.00341955182073,93
48h,242,0.8517156862745098,354.6567786705226,93
6h,31,0.8480392156862745,20.76666666666667,25
12h,61,0.8504901960784313,50.77274478114478,25
6h,50,0.7549019607843137,9.581064583333333,25
12h,130,0.6813725490196079,301.5641508909091,25
6h,51,0.75,101.08075757575757,104
12h,100,0.7549019607843137,109.98719524793387,104
24h,211,0.741421568627451,182.99073245608255,104
48h,437,0.7322303921568627,120.4974455480542,104
6h,51,0.75,1.7904761904761906,17
6h,34,0.8333333333333334,9.0875,26
12h,106,0.7401960784313726,27.066823545454547,26
6h,53,0.7401960784313726,10.034027777777778,219
12h,92,0.7745098039215687,32.34375268065268,219
24h,190,0.7671568627450981,18.77379776613966,219
48h,377,0.7689950980392157,49.415951861322256,219
6h,45,0.7794117647058824,27.451733333333333,97
12h,83,0.7965686274509803,29.07313901515151,97
24h,200,0.7549019607843137,21.935360503795724,97
48h,391,0.7604166666666666,64.43397440885552,97
6h,43,0.7892156862745098,90.87675629629628,27
12h,83,0.7965686274509803,64.13702247474748,27
6h,59,0.7107843137254902,90.28979358974358,16
6h,28,0.8627450980392157,182.50333333333333,226
12h,57,0.8602941176470589,105.69342727272728,226
24h,139,0.8296568627450981,50.475264740655994,226
48h,279,0.8290441176470589,122.62267899797276,226
6h,52,0.7450980392156863,14.27440238095238,17
6h,57,0.7205882352941176,28.29062916666667,90
12h,104,0.7450980392156863,43.21399696969697,90
24h,181,0.7781862745098039,67.25026233280005,90
48h,370,0.7732843137254902,92.31490501147722,90
6h,36,0.8235294117647058,26.895947222222222,53
12h,65,0.8406862745098039,30.57776191077441,53
24h,126,0.8455882352941176,40.69066577889883,53
6h,33,0.8382352941176471,12.614179333333336,33
12h,81,0.8014705882352942,28.43801439393939,33
24h,156,0.8088235294117647,27.453681493558776,33
6h,26,0.8725490196078431,58.467026666666676,25
12h,55,0.8651960784313726,46.30175515151515,25
6h,62,0.696078431372549,33.62830151515151,22
12h,118,0.7107843137254902,71.9691197845805,22
6h,53,0.7401960784313726,10.455289166666667,22
12h,90,0.7794117647058824,43.77825907407407,22
6h,57,0.7205882352941176,16.67738846153846,229
12h,131,0.678921568627451,21.616638363224077,229
24h,252,0.6911764705882353,25.690255381006157,229
48h,488,0.7009803921568627,63.794396022959994,229
6h,56,0.7254901960784313,10.145238095238096,25
12h,110,0.7303921568627451,16.899725837320574,25
6h,51,0.75,162.45817083333336,39
12h,96,0.7647058823529411,284.903667768595,39
24h,191,0.7659313725490197,315.77208853887595,39
6h,72,0.6470588235294118,5.393421052631579,29
12h,119,0.7083333333333334,8.667631389986823,29
6h,31,0.8480392156862745,106.48666666666668,48
12h,56,0.8627450980392157,69.47146178451179,48
24h,139,0.8296568627450981,69.00442140010351,48
6h,32,0.8431372549019608,10.271841666666665,235
12h,76,0.8137254901960784,8.842938383838383,235
24h,140,0.8284313725490197,13.377109064558631,235
48h,268,0.8357843137254902,935.0638185902482,235
6h,56,0.7254901960784313,15.857142857142858,47
12h,103,0.7475490196078431,7.038001893939393,47
24h,232,0.7156862745098039,174.10041938505336,47
6h,44,0.7843137254901961,8.215139583333332,36
12h,82,0.7990196078431373,17.480123746867168,36
24h,177,0.7830882352941176,24.772657239667797,36
6h,61,0.7009803921568627,17.00131979166667,145
12h,136,0.6666666666666666,8.896288439955107,145
24h,263,0.6776960784313726,15.94171787165941,145
48h,510,0.6875,30.996524532417467,145
6h,64,0.6862745098039216,15.719908888888888,16
6h,40,0.803921568627451,20.6197619047619,89
12h,85,0.7916666666666666,28.240238068181817,89
24h,191,0.7659313725490197,19.968574929508037,89
48h,394,0.758578431372549,38.25934567588527,89
6h,28,0.8627450980392157,106.43986666666667,38
12h,56,0.8627450980392157,87.42164595959595,38
24h,114,0.8602941176470589,77.305017123408,38
6h,27,0.8676470588235294,93.6438,173
12h,69,0.8308823529411765,69.14546010101009,173
24h,132,0.8382352941176471,132.67244896319,173
48h,279,0.8290441176470589,108.38999461119053,173
6h,64,0.6862745098039216,46.70156444444444,40
12h,106,0.7401960784313726,31.327375757575766,40
24h,227,0.7218137254901961,38.936784968737065,40
6h,33,0.8382352941176471,45.043506666666666,75
12h,65,0.8406862745098039,109.24830681818183,75
24h,149,0.8174019607843137,119.49244944828723,75
48h,277,0.8302696078431373,119.8910851424152,75
6h,45,0.7794117647058824,8.689285714285713,56
12h,105,0.7426470588235294,118.31915204991087,56
24h,193,0.7634803921568627,155.80996899264846,56
6h,38,0.8137254901960784,50.37673611111111,71
12h,90,0.7794117647058824,116.4318699810606,71
24h,175,0.7855392156862745,199.27484495079875,71
48h,310,0.8100490196078431,256.9721334843778,71
6h,60,0.7058823529411765,21.081870833333337,16
6h,71,0.6519607843137255,1.9349599999999998,21
6h,46,0.7745098039215687,26.69357777777778,21
12h,71,0.8259803921568627,38.245934898989894,21
6h,40,0.803921568627451,352.52680624999994,54
12h,99,0.7573529411764706,102.94146531986533,54
24h,180,0.7794117647058824,125.18185804264174,54
6h,57,0.7205882352941176,84.67793819444444,17
6h,45,0.7794117647058824,24.28388125,20
6h,37,0.8186274509803921,7.492922222222222,34
12h,71,0.8259803921568627,18.344930476190477,34
24h,150,0.8161764705882353,249.10399299516908,34
6h,55,0.7303921568627451,4.983813888888889,32
12h,98,0.7598039215686274,92.40748683982684,32
6h,46,0.7745098039215687,7.5129809523809525,26
12h,98,0.7598039215686274,6.943785909090909,26
6h,53,0.7401960784313726,75.80233750000001,17
6h,58,0.7156862745098039,36.68680833333333,79
12h,104,0.7450980392156863,40.69157015151515,79
24h,191,0.7659313725490197,115.61219572845158,79
48h,387,0.7628676470588235,53.54365634328749,79
6h,34,0.8333333333333334,7.690781250000001,62
12h,67,0.8357843137254902,86.50078090277778,62
24h,133,0.8370098039215687,58.74215662750626,62
48h,314,0.8075980392156863,38.07907347318949,62
6h,48,0.7647058823529411,93.60555555555555,20
6h,37,0.8186274509803921,55.73350142857142,219
12h,66,0.8382352941176471,80.30446984848484,219
24h,140,0.8284313725490197,78.18896856625258,219
48h,286,0.8247549019607843,39.361233683998705,219
6h,32,0.8431372549019608,61.45924761904762,79
12h,91,0.7769607843137255,39.72955097001764,79
24h,171,0.7904411764705882,36.80879230595428,79
48h,361,0.7787990196078431,25.554811595980915,79
6h,42,0.7941176470588235,48.74666666666667,17
6h,68,0.6666666666666666,19.551907142857143,212
12h,144,0.6470588235294118,32.06043449091757,212
24h,269,0.6703431372549019,75.29132257123244,212
48h,507,0.6893382352941176,155.81583159920422,212
6h,48,0.7647058823529411,4.495806250000001,46
12h,91,0.7769607843137255,8.745588111888113,46
24h,190,0.7671568627450981,181.0473003961352,46
6h,24,0.8823529411764706,7.833172222222221,21
6h,57,0.7205882352941176,5.611380555555556,81
12h,102,0.75,6.541122159090909,81
24h,189,0.7683823529411765,28.34384854633427,81
48h,401,0.7542892156862745,108.00532783234887,81
6h,26,0.8725490196078431,8.958333333333334,41
12h,52,0.8725490196078431,8.784369090909092,41
24h,121,0.8517156862745098,8.031973173617272,41
6h,43,0.7892156862745098,5.598933999999999,26
12h,76,0.8137254901960784,14.592141035353533,26
6h,60,0.7058823529411765,28.049178205128207,17
6h,52,0.7450980392156863,60.84285714285714,35
12h,118,0.7107843137254902,72.51033708827404,35
24h,226,0.7230392156862745,48.55062934275653,35
6h,69,0.6617647058823529,114.29325999999998,37
12h,144,0.6470588235294118,205.8290119047619,37
24h,234,0.7132352941176471,538.6865611630036,37
6h,23,0.8872549019607843,50.57142857142857,31
12h,66,0.8382352941176471,32.39398593073593,31
6h,40,0.803921568627451,65.747045,223
12h,80,0.803921568627451,60.66511543560606,223
24h,174,0.7867647058823529,81.41793456586439,223
48h,350,0.7855392156862745,31.087495572780057,223
6h,38,0.8137254901960784,37.30811428571429,49
12h,94,0.7696078431372549,47.86106103896104,49
24h,177,0.7830882352941176,249.47772343873524,49
6h,39,0.8088235294117647,36.34711190476191,59
12h,76,0.8137254901960784,26.482351948051946,59
24h,166,0.7965686274509803,24.40754016304348,59
48h,315,0.8069852941176471,41.30151885079863,59
6h,39,0.8088235294117647,16.409523809523808,25
12h,105,0.7426470588235294,17.385622895622898,25
6h,42,0.7941176470588235,18.250000000000004,50
12h,72,0.8235294117647058,6.753315702479338,50
24h,146,0.821078431372549,12.539286852146535,50
6h,32,0.8431372549019608,82.63333333333333,188
12h,86,0.7892156862745098,65.44232727272728,188
24h,171,0.7904411764705882,33.32172939833114,188
48h,360,0.7794117647058824,30.80603837511497,188
6h,32,0.8431372549019608,6.874853333333333,49
12h,89,0.7818627450980392,73.66186357575756,49
24h,173,0.7879901960784313,105.49048083224615,49
6h,33,0.8382352941176471,196.70000000000002,17
6h,49,0.7598039215686274,3.9949641025641025,64
12h,75,0.8161764705882353,6.957601785714284,64
24h,121,0.8517156862745098,13.804446227581943,64
48h,287,0.8241421568627451,133.2708812781082,64
6h,41,0.7990196078431373,7.334999999999999,121
12h,60,0.8529411764705882,17.46896103896104,121
24h,136,0.8333333333333334,153.7781254943787,121
48h,290,0.8223039215686274,2363.0571319810283,121
6h,52,0.7450980392156863,41.91930476190476,21
6h,47,0.7696078431372549,34.45925909090909,33
12h,97,0.7622549019607843,75.15666098484849,33
6h,58,0.7156862745098039,337.50478214285715,107
12h,116,0.7156862745098039,424.22910169140386,107
24h,185,0.7732843137254902,247.43273859822457,107
48h,378,0.7683823529411765,158.27311997519942,107
6h,58,0.7156862745098039,39.08971458333333,118
12h,96,0.7647058823529411,52.8000768939394,118
24h,192,0.7647058823529411,29.058837571365828,118
48h,388,0.7622549019607843,90.90102944172942,118
6h,40,0.803921568627451,84.8236111111111,83
12h,82,0.7990196078431373,47.719475,83
24h,179,0.7806372549019608,21.021075407491058,83
48h,363,0.7775735294117647,87.53706460225756,83
6h,86,0.5784313725490197,34.429774242424244,29
12h,149,0.6348039215686274,28.05809488215488,29
6h,35,0.8284313725490197,49.78577083333332,64
12h,92,0.7745098039215687,14.973892344497607,64
24h,154,0.8112745098039216,12.94409683356943,64
48h,312,0.8088235294117647,66.49398254560307,64
6h,50,0.7549019607843137,57.79098666666666,18
6h,1,0.9950980392156863,,53
12h,24,0.9411764705882353,11.642890000000005,53
24h,90,0.8897058823529411,135.53026567932068,53
6h,34,0.8333333333333334,29.08217388888889,25
12h,83,0.7965686274509803,19.99194990530303,25
6h,46,0.7745098039215687,10.408800000000001,129
12h,101,0.7524509803921569,35.927537878787874,129
24h,145,0.8223039215686274,26.74961422353839,129
48h,297,0.8180147058823529,18.798386716334807,129
6h,51,0.75,155.1432458333333,44
12h,100,0.7549019607843137,71.87010539579467,44
24h,238,0.7083333333333334,67.76748197193842,44
6h,33,0.8382352941176471,24.362435,23
12h,65,0.8406862745098039,28.089223358585865,23
6h,59,0.7107843137254902,15.75888888888889,56
12h,108,0.7352941176470589,34.845056172839506,56
24h,235,0.7120098039215687,45.25402975628049,56
6h,45,0.7794117647058824,44.13104696969697,111
12h,71,0.8259803921568627,40.66466731240981,111
24h,143,0.8247549019607843,45.49002238160335,111
48h,294,0.8198529411764706,29.953290423095904,111
6h,37,0.8186274509803921,15.847339999999999,142
12h,91,0.7769607843137255,11.572915220385674,142
24h,177,0.7830882352941176,517.7011969327164,142
48h,335,0.7947303921568627,371.7256517042927,142
6h,59,0.7107843137254902,95.26416428571429,92
12h,107,0.7377450980392157,137.48416524864027,92
24h,215,0.7365196078431373,194.60160552020983,92
48h,428,0.7377450980392157,159.6223705512876,92
6h,61,0.7009803921568627,23.835794791666668,65
12h,106,0.7401960784313726,24.865351834130784,65
24h,178,0.7818627450980392,22.33164853477567,65
48h,374,0.7708333333333334,36.80697519340274,65
6h,30,0.8529411764705882,8.322222222222223,17
6h,58,0.7156862745098039,5.597031250000001,72
12h,96,0.7647058823529411,13.987849831649832,72
24h,174,0.7867647058823529,60.611501903148614,72
48h,376,0.7696078431372549,48.45432763646009,72
6h,39,0.8088235294117647,124.51388888888887,118
12h,74,0.8186274509803921,52.30776145833334,118
24h,149,0.8174019607843137,33.297827052669554,118
48h,299,0.8167892156862745,17.970906370734955,118
6h,36,0.8235294117647058,25.946875,113
12h,84,0.7941176470588235,12.00763712121212,113
24h,169,0.7928921568627451,81.16412594202899,113
48h,312,0.8088235294117647,1159.2361037626602,113
6h,62,0.696078431372549,73.03607222222222,17
6h,30,0.8529411764705882,37.24,16
6h,55,0.7303921568627451,10.652951388888889,56
12h,104,0.7450980392156863,9.416837175324675,56
24h,220,0.7303921568627451,19.428384027856204,56
6h,47,0.7696078431372549,17.587248484848484,34
12h,82,0.7990196078431373,28.14956470959596,34
24h,203,0.7512254901960784,24.909341872182342,34
6h,48,0.7647058823529411,90.73849541666667,43
12h,106,0.7401960784313726,37.91413305785124,43
24h,210,0.7426470588235294,37.06420867182435,43
6h,53,0.7401960784313726,11.311358333333335,118
12h,91,0.7769607843137255,21.281666287878792,118
24h,164,0.7990196078431373,16.40697269216429,118
48h,339,0.7922794117647058,210.07967721500347,118
6h,87,0.5735294117647058,42.07240625,27
12h,146,0.6421568627450981,36.645508553246756,27
6h,64,0.6862745098039216,68.48277388888889,77
12h,124,0.696078431372549,57.73934362041468,77
24h,258,0.6838235294117647,54.426773713344886,77
48h,521,0.6807598039215687,73.83096761689742,77
6h,39,0.8088235294117647,4.003703703703703,59
12h,65,0.8406862745098039,3.5985512121212127,59
24h,145,0.8223039215686274,14.114192319534013,59
48h,293,0.8204656862745098,25.41090580809759,59
6h,61,0.7009803921568627,5.86335238095238,176
12h,122,0.7009803921568627,46.75191445221445,176
24h,226,0.7230392156862745,32.763723423280425,176
48h,428,0.7377450980392157,31.095667894191866,176
6h,18,0.9117647058823529,9.913333333333332,37
12h,56,0.8627450980392157,9.30638180272109,37
24h,98,0.8799019607843137,10.682628922188922,37
6h,40,0.803921568627451,21.759452083333333,51
12h,84,0.7941176470588235,21.360215340909093,51
24h,184,0.7745098039215687,29.187496614979224,51
6h,34,0.8333333333333334,149.66719222222224,23
12h,71,0.8259803921568627,150.8846070286195,23
6h,59,0.7107843137254902,17.653416666666665,97
12h,101,0.7524509803921569,45.064638383838385,97
24h,217,0.7340686274509803,33.66615611503858,97
48h,406,0.7512254901960784,28.192476657647504,97
6h,22,0.8921568627450981,481.78204305555556,81
12h,45,0.8897058823529411,286.3030224867725,81
24h,117,0.8566176470588235,215.49135856307433,81
48h,255,0.84375,84.3201074192464,81
6h,28,0.8627450980392157,8.056204999999999,223
12h,60,0.8529411764705882,19.44755051948052,223
24h,128,0.8431372549019608,44.219910245256,223
48h,266,0.8370098039215687,106.59936584118529,223
6h,66,0.6764705882352942,66.55630769230768,55
12h,114,0.7205882352941176,47.84417215909092,55
24h,196,0.7598039215686274,51.13512057629871,55
6h,36,0.8235294117647058,29.299079166666665,39
12h,77,0.8112745098039216,25.611582839556277,39
24h,173,0.7879901960784313,26.78374743749814,39
6h,35,0.8284313725490197,22.19236111111111,109
12h,65,0.8406862745098039,18.66661537598204,109
24h,136,0.8333333333333334,6.950638887634105,109
48h,267,0.8363970588235294,22.92501744957532,109
6h,45,0.7794117647058824,10.4,20
6h,49,0.7598039215686274,14.85522722222222,36
12h,88,0.7843137254901961,344.8500253314394,36
24h,159,0.8051470588235294,336.1913846757675,36
6h,48,0.7647058823529411,17.863420512820515,27
12h,74,0.8186274509803921,14.975678554778552,27
6h,13,0.9362745098039216,,65
12h,13,0.9681372549019608,,65
24h,36,0.9558823529411765,9.729999999999999,65
48h,162,0.9007352941176471,74.98811902116401,65
6h,36,0.8235294117647058,49.61971904761905,55
12h,72,0.8235294117647058,46.941876587301586,55
24h,176,0.7843137254901961,21.80430582110037,55
6h,31,0.8480392156862745,202.01999999999998,19
6h,49,0.7598039215686274,7.5820454545454545,41
12h,114,0.7205882352941176,17.123403525252524,41
24h,157,0.8075980392156863,42.13465994060565,41
6h,53,0.7401960784313726,3.7164380952380958,66
12h,78,0.8088235294117647,8.903279437229438,66
24h,148,0.8186274509803921,9.10998073029455,66
48h,371,0.772671568627451,112.22616859338638,66
6h,41,0.7990196078431373,20.644408333333335,71
12h,72,0.8235294117647058,36.695344949494945,71
24h,129,0.8419117647058824,40.16802706743803,71
48h,273,0.8327205882352942,60.62135265488443,71
6h,26,0.8725490196078431,15.114645999999999,16
6h,60,0.7058823529411765,25.54352,38
12h,110,0.7303921568627451,30.434291856060604,38
24h,261,0.6801470588235294,259.1224341755489,38
6h,17,0.9166666666666666,122.11130000000001,275
12h,40,0.9019607843137255,52.95551269841271,275
24h,137,0.8321078431372549,859.6483262330377,275
48h,311,0.8094362745098039,432.29385648512596,275
6h,40,0.803921568627451,80.42700624999999,69
12h,92,0.7745098039215687,133.7868666666667,69
24h,172,0.7892156862745098,50.474109313725485,69
48h,280,0.8284313725490197,55.3047866308051,69
6h,35,0.8284313725490197,67.23649375,100
12h,77,0.8112745098039216,60.78434166666668,100
24h,172,0.7892156862745098,67.50371307040785,100
48h,337,0.7935049019607843,40.54309695265167,100
6h,41,0.7990196078431373,50.278959523809526,53
12h,83,0.7965686274509803,214.4273341991342,53
24h,173,0.7879901960784313,87.1716749022837,53
6h,34,0.8333333333333334,48.78466428571428,160
12h,82,0.7990196078431373,38.60480854978355,160
24h,142,0.8259803921568627,34.5454759600441,160
48h,291,0.8216911764705882,306.54703916507407,160
6h,49,0.7598039215686274,58.41467999999999,122
12h,95,0.7671568627450981,50.354936757182216,122
24h,207,0.7463235294117647,47.20636359614451,122
48h,404,0.7524509803921569,30.941979000101572,122
6h,37,0.8186274509803921,66.88571428571429,96
12h,82,0.7990196078431373,59.40674653679653,96
24h,160,0.803921568627451,69.68530543160438,96
48h,332,0.7965686274509803,56.278799799122716,96
6h,77,0.6225490196078431,59.33243055555556,43
12h,130,0.6813725490196079,53.636004865967365,43
24h,212,0.7401960784313726,52.85809059122242,43
6h,61,0.7009803921568627,16.131788095238097,33
12h,132,0.6764705882352942,46.99630010101009,33
6h,46,0.7745098039215687,11.961805555555555,22
12h,92,0.7745098039215687,584.3440074074074,22
6h,34,0.8333333333333334,127.58513124999999,126
12h,72,0.8235294117647058,92.66705868055556,126
24h,165,0.7977941176470589,92.67826056935817,126
48h,331,0.7971813725490197,60.8966997010588,126
6h,48,0.7647058823529411,22.60076145833333,31
12h,100,0.7549019607843137,21.912700682650684,31
6h,40,0.803921568627451,138.57619523809527,32
12h,80,0.803921568627451,72.98177125,32
6h,3,0.9852941176470589,,29
12h,47,0.8848039215686274,9.444846825396825,29
6h,30,0.8529411764705882,16.51046666666667,17
6h,43,0.7892156862745098,17.893869047619045,35
12h,93,0.7720588235294118,25.59834370370371,35
24h,193,0.7634803921568627,58.08273406472914,35
6h,51,0.75,30.820428571428575,48
12h,95,0.7671568627450981,29.679179797979806,48
24h,187,0.7708333333333334,114.4521762673317,48
6h,46,0.7745098039215687,29.96001875,82
12h,103,0.7475490196078431,31.538079999999997,82
24h,210,0.7426470588235294,29.197775209475093,82
48h,415,0.7457107843137255,37.51594660295489,82
6h,36,0.8235294117647058,50.906944444444434,48
12h,76,0.8137254901960784,30.684054166666666,48
24h,173,0.7879901960784313,35.05064680171278,48
6h,26,0.8725490196078431,151.75817333333333,35
12h,64,0.8431372549019608,114.49350848484849,35
24h,125,0.8468137254901961,67.96338640586768,35
6h,26,0.8725490196078431,46.79589,26
12h,58,0.8578431372549019,34.4439096969697,26
6h,40,0.803921568627451,25.50952380952381,46
12h,99,0.7573529411764706,54.982743030303034,46
24h,226,0.7230392156862745,63.341071611029555,46
6h,44,0.7843137254901961,22.410649999999997,34
12h,83,0.7965686274509803,76.25410471380471,34
24h,181,0.7781862745098039,93.31764833615658,34
6h,0,1.0,,27
12h,41,0.8995098039215687,22.097222222222218,27
6h,45,0.7794117647058824,26.236438095238096,28
12h,86,0.7892156862745098,34.64066695526695,28
6h,30,0.8529411764705882,52.055555555555564,116
12h,61,0.8504901960784313,31.505189393939393,116
24h,116,0.8578431372549019,27.786563711779834,116
48h,222,0.8639705882352942,32.668955011727206,116
6h,48,0.7647058823529411,12.413194444444448,128
12h,75,0.8161764705882353,6.437928138528138,128
24h,150,0.8161764705882353,86.83569633867278,128
48h,267,0.8363970588235294,88.94518944418776,128
6h,38,0.8137254901960784,88.77345166666665,16
6h,62,0.696078431372549,45.52986145833333,188
12h,100,0.7549019607843137,30.102647537878784,188
24h,192,0.7647058823529411,93.47196129710146,188
48h,372,0.7720588235294118,53.88236296005265,188
6h,27,0.8676470588235294,28.70666666666667,32
12h,58,0.8578431372549019,26.725026767676766,32
6h,55,0.7303921568627451,37.050000000000004,91
12h,110,0.7303921568627451,250.4055596969697,91
24h,206,0.7475490196078431,303.79618845216527,91
48h,408,0.75,224.92515344984025,91
6h,40,0.803921568627451,10.017742857142858,149
12h,85,0.7916666666666666,17.62945424242424,149
24h,186,0.7720588235294118,30.7755022826087,149
48h,386,0.7634803921568627,64.72152599824997,149
6h,34,0.8333333333333334,74.99854133333334,61
12h,66,0.8382352941176471,88.67074191919191,61
24h,181,0.7781862745098039,97.73814976146559,61
48h,430,0.7365196078431373,85.17369506869574,61
6h,35,0.8284313725490197,22.76693388888889,18
6h,39,0.8088235294117647,62.794444444444444,63
12h,91,0.7769607843137255,310.34258989898996,63
24h,169,0.7928921568627451,304.6881628115942,63
48h,356,0.7818627450980392,176.53931420054965,63
6h,66,0.6764705882352942,31.95686274509804,247
12h,105,0.7426470588235294,26.38309346092504,247
24h,189,0.7683823529411765,87.1095865019763,247
48h,387,0.7628676470588235,95.58143929064097,247
6h,47,0.7696078431372549,11.314639583333335,39
12h,85,0.7916666666666666,15.36491837121212,39
24h,181,0.7781862745098039,115.32437460824278,39
6h,47,0.7696078431372549,10.061753333333334,25
12h,90,0.7794117647058824,38.7701482093664,25
6h,37,0.8186274509803921,32.420833333333334,147
12h,75,0.8161764705882353,69.27573246753248,147
24h,203,0.7512254901960784,311.5560929347826,147
48h,371,0.772671568627451,497.7134779176952,147
6h,49,0.7598039215686274,47.527839583333346,166
12h,111,0.7279411764705882,44.22065929292929,166
24h,205,0.7487745098039216,26.156001776800977,166
48h,383,0.7653186274509803,32.56129635224337,166
6h,48,0.7647058823529411,7.442071212121212,34
12h,87,0.7867647058823529,40.42917465564739,34
24h,202,0.7524509803921569,45.332744797473055,34
6h,52,0.7450980392156863,17.33095238095238,20
6h,69,0.6617647058823529,6.1887454545454545,59
12h,119,0.7083333333333334,8.190527705627707,59
24h,257,0.6850490196078431,313.1328730295972,59
48h,543,0.6672794117647058,538.0742203353677,59
6h,29,0.8578431372549019,46.06026444444444,47
12h,66,0.8382352941176471,55.486521464646465,47
24h,99,0.8786764705882353,40.72256440337977,47
6h,66,0.6764705882352942,131.34393703703705,82
12h,105,0.7426470588235294,79.29056092503987,82
24h,212,0.7401960784313726,52.28874763953588,82
48h,404,0.7524509803921569,52.9060973392369,82
6h,54,0.7352941176470589,37.764169230769234,84
12h,111,0.7279411764705882,66.0723706539075,84
24h,230,0.7181372549019608,29.637740908212564,84
48h,443,0.7285539215686274,259.4264513019553,84
6h,38,0.8137254901960784,534.8375,79
12h,85,0.7916666666666666,243.58766997245178,79
24h,192,0.7647058823529411,125.89037004830918,79
48h,386,0.7634803921568627,152.9464529658285,79
6h,70,0.6568627450980392,18.274122807017545,53
12h,107,0.7377450980392157,13.98833732057416,53
24h,222,0.7279411764705882,15.662740484689984,53
6h,65,0.6813725490196079,10.160437254901963,104
12h,117,0.7132352941176471,31.258550488215487,104
24h,238,0.7083333333333334,18.97233343531938,104
48h,480,0.7058823529411765,69.22029109319286,104
6h,53,0.7401960784313726,25.671793939393943,20
6h,34,0.8333333333333334,390.13622291666667,258
12h,61,0.8504901960784313,226.7401537037037,258
24h,140,0.8284313725490197,180.38549526217096,258
48h,284,0.8259803921568627,313.85747458574536,258
6h,43,0.7892156862745098,412.27360500000003,75
12h,103,0.7475490196078431,276.2345718181818,75
24h,195,0.7610294117647058,179.92962198375454,75
48h,374,0.7708333333333334,175.2077976251247,75
6h,40,0.803921568627451,18.76888125,198
12h,91,0.7769607843137255,31.192415151515156,198
24h,181,0.7781862745098039,16.908691837557157,198
48h,356,0.7818627450980392,30.970747205519576,198
6h,40,0.803921568627451,123.85719166666667,184
12h,78,0.8088235294117647,95.8085981060606,184
24h,175,0.7855392156862745,71.43946978104022,184
48h,370,0.7732843137254902,79.24100508801891,184
6h,57,0.7205882352941176,64.97517708333334,33
12h,111,0.7279411764705882,67.31161153846153,33
6h,57,0.7205882352941176,10.792883333333332,64
12h,97,0.7622549019607843,13.325667878787877,64
24h,181,0.7781862745098039,18.086132506807203,64
48h,365,0.7763480392156863,40.84490984588744,64
6h,50,0.7549019607843137,83.76228222222221,72
12h,94,0.7696078431372549,76.62728749583749,72
24h,178,0.7818627450980392,50.50393386398625,72
48h,375,0.7702205882352942,217.92542349804572,72
6h,77,0.6225490196078431,104.14833492063492,17
6h,41,0.7990196078431373,35.316008333333336,237
12h,69,0.8308823529411765,27.437187012987014,237
24h,108,0.8676470588235294,52.75118736424395,237
48h,248,0.8480392156862745,21.833735002179072,237
6h,62,0.696078431372549,16.673791666666666,84
12h,105,0.7426470588235294,16.09529356060606,84
24h,213,0.7389705882352942,73.05013662439613,84
48h,441,0.7297794117647058,29.8109659231625,84
6h,38,0.8137254901960784,12.526369047619047,21
6h,28,0.8627450980392157,14.294652777777777,132
12h,68,0.8333333333333334,17.359854040404038,132
24h,134,0.8357843137254902,36.786451739130435,132
48h,249,0.8474264705882353,163.83369095320506,132
6h,37,0.8186274509803921,60.71111111111111,253
12h,76,0.8137254901960784,60.938041125541126,253
24h,170,0.7916666666666666,80.40977199275363,253
48h,341,0.7910539215686274,42.214759337623455,253
6h,72,0.6470588235294118,11.623574999999999,142
12h,126,0.6911764705882353,53.854982996633,142
24h,240,0.7058823529411765,1027.0083185755273,142
48h,499,0.6942401960784313,1032.1510256234567,142
6h,51,0.75,27.319633333333332,47
12h,84,0.7941176470588235,34.428785454545455,47
24h,153,0.8125,52.58381499419662,47
6h,61,0.7009803921568627,30.02115128205128,27
12h,123,0.6985294117647058,26.32398338383838,27
6h,38,0.8137254901960784,11.597529523809524,72
12h,73,0.821078431372549,8.031817207792207,72
24h,172,0.7892156862745098,39.82826666764773,72
48h,382,0.7659313725490197,241.49407745917884,72
6h,26,0.8725490196078431,56.760000000000005,16
6h,53,0.7401960784313726,28.944047619047613,95
12h,97,0.7622549019607843,22.572898863636368,95
24h,195,0.7610294117647058,15.405091469038206,95
48h,394,0.758578431372549,578.9428877273659,95
6h,55,0.7303921568627451,82.70633541666666,17
6h,47,0.7696078431372549,111.50563030303032,34
12h,100,0.7549019607843137,1388.0133368881118,34
24h,227,0.7218137254901961,230.66445306728946,34
6h,59,0.7107843137254902,95.25401,109
12h,119,0.7083333333333334,21.473204388714734,109
24h,210,0.7426470588235294,39.74407033875919,109
48h,442,0.7291666666666666,91.56599419047637,109
6h,31,0.8480392156862745,10.820759722222222,17
6h,57,0.7205882352941176,4.523072916666667,119
12h,101,0.7524509803921569,6.944972619047619,119
24h,189,0.7683823529411765,26.0954714980836,119
48h,391,0.7604166666666666,20.849259343215568,119
6h,33,0.8382352941176471,94.75091166666668,31
12h,64,0.8431372549019608,83.50486414141415,31
6h,47,0.7696078431372549,31.97203833333333,16
6h,45,0.7794117647058824,106.66366666666667,67
12h,97,0.7622549019607843,70.14282575757576,67
24h,210,0.7426470588235294,119.93728559782608,67
48h,439,0.7310049019607843,80.94037261207568,67
6h,60,0.7058823529411765,60.76142857142857,52
12h,97,0.7622549019607843,44.1712012987013,52
24h,202,0.7524509803921569,26.922128909043852,52
6h,42,0.7941176470588235,39.55343484848484,63
12h,68,0.8333333333333334,35.87519393939394,63
24h,146,0.821078431372549,15.24270059090909,63
48h,292,0.821078431372549,16.691790665612476,63
6h,37,0.8186274509803921,88.05221458333334,49
12h,94,0.7696078431372549,49.97941515151514,49
24h,172,0.7892156862745098,39.734226865942034,49
6h,38,0.8137254901960784,27.21512380952381,68
12h,77,0.8112745098039216,270.46082651515155,68
24h,176,0.7843137254901961,149.23116412262004,68
48h,380,0.7671568627450981,68.66599150385103,68
6h,39,0.8088235294117647,6.613571428571428,24
12h,93,0.7720588235294118,15.935576767676771,24
6h,50,0.7549019607843137,6.583333333333333,20
6h,42,0.7941176470588235,21.823809523809526,33
12h,103,0.7475490196078431,15.296444972451791,33
6h,31,0.8480392156862745,43.095000666666664,63
12h,56,0.8627450980392157,44.192470353535356,63
24h,127,0.8443627450980392,46.841858333333334,63
48h,273,0.8327205882352942,33.7671730770471,63
6h,29,0.8578431372549019,30.35725714285714,29
12h,63,0.8455882352941176,22.34040392817059,29
6h,37,0.8186274509803921,12.905555555555557,73
12h,75,0.8161764705882353,79.11471861471861,73
24h,188,0.7696078431372549,37.23834633384889,73
48h,418,0.7438725490196079,64.88841679451599,73
6h,32,0.8431372549019608,6.321574999999999,74
12h,62,0.8480392156862745,33.37632424242424,74
24h,138,0.8308823529411765,38.963611341044746,74
48h,290,0.8223039215686274,725.5236910746088,74
6h,29,0.8578431372549019,23.158333333333335,57
12h,76,0.8137254901960784,15.353857575757576,57
24h,147,0.8198529411764706,23.528207113787985,57
6h,50,0.7549019607843137,34.78993125,78
12h,88,0.7843137254901961,27.662478030303035,78
24h,184,0.7745098039215687,18.455893260869566,78
48h,329,0.7984068627450981,20.071210021232933,78
6h,38,0.8137254901960784,72.31714285714285,33
12h,82,0.7990196078431373,49.11380952380953,33
6h,50,0.7549019607843137,614.0500130952381,15
6h,32,0.8431372549019608,37.04029333333333,72
12h,71,0.8259803921568627,26.80980343434344,72
24h,153,0.8125,21.412175176987265,72
48h,284,0.8259803921568627,221.95956670430826,72
6h,28,0.8627450980392157,40.21481111111111,42
12h,55,0.8651960784313726,27.011708922558924,42
24h,135,0.8345588235294118,22.973986425748166,42
6h,50,0.7549019607843137,16.780679166666665,21
6h,71,0.6519607843137255,5.427261403508772,65
12h,112,0.7254901960784313,5.279464,65
24h,201,0.7536764705882353,24.045311994227994,65
48h,444,0.7279411764705882,69.44517238025234,65
6h,51,0.75,20.601190476190478,55
12h,80,0.803921568627451,16.920095833333335,55
24h,168,0.7941176470588235,8.904868522408963,55
6h,45,0.7794117647058824,33.80605833333333,111
12h,87,0.7867647058823529,34.25398292011019,111
24h,184,0.7745098039215687,24.87825764214047,111
48h,377,0.7689950980392157,30.449398696572924,111
6h,38,0.8137254901960784,11.461447619047618,73
12h,89,0.7818627450980392,17.852573160173158,73
24h,170,0.7916666666666666,16.792721,73
48h,356,0.7818627450980392,30.465191683847078,73
6h,61,0.7009803921568627,67.57037105263159,30
12h,106,0.7401960784313726,53.735694019138755,30
6h,60,0.7058823529411765,6.259045512820513,30
12h,144,0.6470588235294118,13.472435737373734,30
6h,29,0.8578431372549019,25.25277777777778,36
12h,54,0.8676470588235294,62.559511095650386,36
24h,126,0.8455882352941176,67.68840736450879,36
6h,72,0.6470588235294118,1.0839703703703703,95
12h,138,0.6617647058823529,57.53505672222222,95
24h,194,0.7622549019607843,58.24982094098883,95
48h,341,0.7910539215686274,64.07286594754083,95
6h,51,0.75,20.133333333333336,38
12h,114,0.7205882352941176,71.38280287247476,38
24h,198,0.7573529411764706,66.80755143971417,38
6h,40,0.803921568627451,76.342,17
6h,31,0.8480392156862745,10.324090666666667,23
12h,77,0.8112745098039216,7.288449494949496,23
6h,60,0.7058823529411765,30.64888888888889,66
12h,107,0.7377450980392157,19.157420538720537,66
24h,195,0.7610294117647058,33.376937495319325,66
48h,390,0.7610294117647058,28.286124427031485,66
6h,46,0.7745098039215687,99.79458133333333,22
12h,91,0.7769607843137255,780.3244935714284,22
6h,41,0.7990196078431373,41.045833333333334,72
12h,79,0.8063725490196079,30.252246590909092,72
24h,181,0.7781862745098039,17.05358104981123,72
48h,379,0.7677696078431373,132.03421201154308,72
6h,39,0.8088235294117647,16.384271666666667,330
12h,104,0.7450980392156863,9.977227424242425,330
24h,202,0.7524509803921569,24.800182550492988,330
48h,392,0.7598039215686274,119.78167442203187,330
6h,39,0.8088235294117647,40.31198523809524,148
12h,79,0.8063725490196079,113.91606089015151,148
24h,168,0.7941176470588235,99.26601490134261,148
48h,326,0.8002450980392157,80.79087067038199,148
6h,23,0.8872549019607843,47.99662266666667,57
12h,72,0.8235294117647058,62.1467094949495,57
24h,138,0.8308823529411765,121.41459395078606,57
6h,56,0.7254901960784313,27.205841904761904,45
12h,95,0.7671568627450981,37.98323939393939,45
24h,180,0.7794117647058824,50.41007149068323,45
6h,42,0.7941176470588235,25.346095238095238,297
12h,87,0.7867647058823529,21.59680735930736,297
24h,191,0.7659313725490197,15.527460711291342,297
48h,374,0.7708333333333334,12.591509972235023,297
6h,38,0.8137254901960784,31.198611111111102,50
12h,87,0.7867647058823529,70.26253901515152,50
24h,175,0.7855392156862745,42.49941467875687,50
6h,34,0.8333333333333334,24.271593888888887,32
12h,67,0.8357843137254902,16.411747943722943,32
6h,34,0.8333333333333334,13.900357142857143,21
6h,56,0.7254901960784313,45.5671880952381,114
12h,98,0.7598039215686274,56.17593962121212,114
24h,163,0.8002450980392157,144.31889135430077,114
48h,297,0.8180147058823529,158.06648447702926,114
6h,44,0.7843137254901961,15.045533333333335,34
12h,105,0.7426470588235294,62.560521201298705,34
24h,218,0.7328431372549019,88.74368602251081,34
6h,31,0.8480392156862745,12.904166666666669,96
12h,67,0.8357843137254902,14.074740326340326,96
24h,129,0.8419117647058824,28.54599792301901,96
48h,306,0.8125,70.21138140340912,96
6h,81,0.6029411764705882,16.205316666666665,50
12h,119,0.7083333333333334,11.812004545454545,50
24h,298,0.6348039215686274,86.21126429840379,50
6h,28,0.8627450980392157,22.806666666666665,35
12h,56,0.8627450980392157,18.697018434343434,35
24h,129,0.8419117647058824,23.09168564311594,35
6h,34,0.8333333333333334,21.476467142857143,28
12h,76,0.8137254901960784,22.763801154401154,28
6h,65,0.6813725490196079,532.0285392857144,28
12h,122,0.7009803921568627,395.8952808827403,28
6h,51,0.75,62.419120833333324,81
12h,109,0.7328431372549019,25.594440909090906,81
24h,214,0.7377450980392157,138.87430769910281,81
48h,420,0.7426470588235294,920.7800201930283,81
6h,33,0.8382352941176471,12.789451666666665,44
12h,64,0.8431372549019608,15.13740252525252,44
24h,145,0.8223039215686274,11.98119320910973,44
6h,28,0.8627450980392157,11.632674999999999,54
12h,55,0.8651960784313726,32.55939523809521,54
24h,143,0.8247549019607843,47.10394364790765,54
6h,38,0.8137254901960784,103.49166666666667,42
12h,83,0.7965686274509803,73.59617159090908,42
24h,199,0.7561274509803921,58.795866638350994,42
6h,49,0.7598039215686274,20.720428571428567,40
12h,101,0.7524509803921569,71.36331159451659,40
24h,226,0.7230392156862745,59.877101755651765,40
6h,34,0.8333333333333334,53.040625,52
12h,72,0.8235294117647058,68.04602121212122,52
24h,162,0.8014705882352942,58.56754935064936,52
6h,31,0.8480392156862745,44.125008,178
12h,70,0.8284313725490197,37.66927464646465,178
24h,118,0.8553921568627451,198.62566736655776,178
48h,253,0.8449754901960784,70.95051854684297,178
6h,34,0.8333333333333334,22.42924666666666,26
12h,80,0.803921568627451,16.204485606060608,26
6h,30,0.8529411764705882,71.34594166666668,156
12h,57,0.8602941176470589,78.49511865079364,156
24h,149,0.8174019607843137,92.03623555451128,156
48h,320,0.803921568627451,96.2394101379241,156
6h,69,0.6617647058823529,8.349122807017544,62
12h,132,0.6764705882352942,19.323208857808858,62
24h,274,0.6642156862745098,21.742532269602382,62
48h,527,0.6770833333333334,34.734066527603446,62
6h,40,0.803921568627451,104.26085,18
6h,69,0.6617647058823529,12.895850877192983,44
12h,112,0.7254901960784313,8.640428393939393,44
24h,192,0.7647058823529411,14.409726598249577,44
6h,38,0.8137254901960784,27.504895555555553,51
12h,89,0.7818627450980392,31.7667711335578,51
24h,146,0.821078431372549,53.60475442896457,51
6h,76,0.6274509803921569,65.53160520833335,28
12h,133,0.6740196078431373,311.2042970299636,28
6h,36,0.8235294117647058,11.580269047619046,27
12h,75,0.8161764705882353,11.566684722222222,27
6h,32,0.8431372549019608,67.66443047619047,69
12h,78,0.8088235294117647,69.23013255411256,69
24h,117,0.8566176470588235,69.65081616295642,69
48h,246,0.8492647058823529,47.170586773090335,69
6h,54,0.7352941176470589,66.28557291666667,62
12h,93,0.7720588235294118,51.21088855218855,62
24h,189,0.7683823529411765,49.172875039525685,62
48h,370,0.7732843137254902,61.42823580312195,62
6h,66,0.6764705882352942,64.29301736111111,17
6h,54,0.7352941176470589,6.194444444444443,40
12h,99,0.7573529411764706,7.067726584022039,40
24h,141,0.8272058823529411,26.467922176829017,40
6h,34,0.8333333333333334,24.88284,77
12h,71,0.8259803921568627,18.558253030303028,77
24h,175,0.7855392156862745,34.68528169125259,77
48h,354,0.7830882352941176,43.79011168617021,77
6h,40,0.803921568627451,44.976742,32
12h,90,0.7794117647058824,281.0983292613637,32
6h,45,0.7794117647058824,11.284647619047618,23
12h,101,0.7524509803921569,296.94841491228067,23
6h,34,0.8333333333333334,37.308371666666666,15
6h,27,0.8676470588235294,14.688445999999999,25
12h,42,0.8970588235294118,54.41752986111112,25
6h,58,0.7156862745098039,156.97992291666668,71
12h,112,0.7254901960784313,138.95361174242427,71
24h,198,0.7573529411764706,105.08877810990339,71
48h,382,0.7659313725490197,121.33384929311353,71
6h,47,0.7696078431372549,7.4873179487179495,50
12h,72,0.8235294117647058,5.0870321678321675,50
24h,138,0.8308823529411765,28.859525058786627,50
6h,51,0.75,47.19166666666666,50
12h,85,0.7916666666666666,34.88132803030303,50
24h,195,0.7610294117647058,65.21994560629545,50
6h,71,0.6519607843137255,6.826984126984128,20
6h,88,0.5686274509803921,1.4101722222222222,74
12h,152,0.6274509803921569,2.8620803030303033,74
24h,315,0.6139705882352942,53.86983919028183,74
48h,561,0.65625,54.92087203180314,74
6h,44,0.7843137254901961,93.13690476190477,70
12h,97,0.7622549019607843,53.05881747835498,70
24h,193,0.7634803921568627,60.18991021480331,70
48h,408,0.75,60.376878949015314,70
6h,28,0.8627450980392157,25.04833333333333,38
12h,82,0.7990196078431373,7.815106818181819,38
24h,154,0.8112745098039216,15.919119620082816,38
6h,52,0.7450980392156863,91.99166666666667,68
12h,91,0.7769607843137255,65.23945303030303,68
24h,163,0.8002450980392157,60.37638447957839,68
48h,303,0.8143382352941176,71.80070347462728,68
6h,45,0.7794117647058824,43.85337777777778,77
12h,82,0.7990196078431373,52.676070738636355,77
24h,173,0.7879901960784313,38.71702447565671,77
48h,349,0.7861519607843137,41.22989240421502,77
6h,72,0.6470588235294118,13.375972222222224,81
12h,112,0.7254901960784313,8.185348484848484,81
24h,195,0.7610294117647058,10.355058442028986,81
48h,402,0.7536764705882353,14.746524733787762,81
6h,86,0.5784313725490197,32.30835648148148,36
12h,170,0.5833333333333334,434.43877970779215,36
24h,296,0.6372549019607843,417.40498970533423,36
6h,31,0.8480392156862745,8.040920000000002,114
12h,66,0.8382352941176471,14.158569588744589,114
24h,139,0.8296568627450981,21.358296762792076,114
48h,279,0.8290441176470589,60.57672588302008,114
6h,32,0.8431372549019608,113.75096249999999,21
6h,61,0.7009803921568627,26.322264583333332,44
12h,94,0.7696078431372549,16.108675852272725,44
24h,185,0.7732843137254902,12.42943095920384,44
6h,40,0.803921568627451,36.29658958333333,90
12h,59,0.8553921568627451,48.48315788690476,90
24h,137,0.8321078431372549,51.197307758366506,90
48h,306,0.8125,98.46203485693391,90
6h,0,1.0,,196
12h,14,0.9656862745098039,,196
24h,14,0.9828431372549019,,196
48h,28,0.9828431372549019,2.4299999999999993,196
6h,61,0.7009803921568627,61.49202083333334,16
6h,29,0.8578431372549019,46.46492142857142,32
12h,72,0.8235294117647058,65.89645811688311,32
6h,41,0.7990196078431373,52.32777777777778,20
6h,60,0.7058823529411765,11.539444444444445,38
12h,92,0.7745098039215687,22.714927272727277,38
24h,185,0.7732843137254902,107.7096772524325,38
6h,24,0.8823529411764706,31.816666666666666,217
12h,49,0.8799019607843137,49.6875,217
24h,121,0.8517156862745098,11.363730738826392,217
48h,260,0.8406862745098039,41.240457540081664,217
6h,41,0.7990196078431373,249.12595416666667,29
12h,104,0.7450980392156863,156.85403842823843,29
6h,30,0.8529411764705882,11.606752777777777,28
12h,83,0.7965686274509803,17.322110418470423,28
6h,58,0.7156862745098039,40.39208333333333,182
12h,116,0.7156862745098039,62.82584449494949,182
24h,217,0.7340686274509803,123.0814695320911,182
48h,398,0.7561274509803921,135.1873045141717,182
6h,68,0.6666666666666666,7.793405128205128,50
12h,108,0.7352941176470589,7.460508658008657,50
24h,201,0.7536764705882353,18.129747802622497,50
6h,47,0.7696078431372549,152.27048703703701,27
12h,100,0.7549019607843137,58.28352604895104,27
6h,30,0.8529411764705882,15.650000000000002,33
12h,60,0.8529411764705882,10.862929870129866,33
6h,41,0.7990196078431373,87.57785,108
12h,85,0.7916666666666666,43.11786381818182,108
24h,196,0.7598039215686274,22.059047859635,108
48h,380,0.7671568627450981,545.5004291405947,108
6h,31,0.8480392156862745,38.05555555555556,31
12h,80,0.803921568627451,33.176735037878785,31
6h,38,0.8137254901960784,13.18888888888889,101
12h,87,0.7867647058823529,16.63334649621212,101
24h,180,0.7794117647058824,123.59798586530263,101
48h,360,0.7794117647058824,102.62101109158236,101
6h,48,0.7647058823529411,25.380000000000003,127
12h,101,0.7524509803921569,174.2330776223776,127
24h,186,0.7720588235294118,162.230617043774,127
48h,345,0.7886029411764706,242.28151907496914,127
6h,49,0.7598039215686274,15.510864285714286,192
12h,107,0.7377450980392157,11.408561089152396,192
24h,189,0.7683823529411765,14.92326541125541,192
48h,363,0.7775735294117647,70.72455528577453,192
6h,60,0.7058823529411765,32.11666666666667,22
12h,95,0.7671568627450981,24.558687190082647,22
6h,32,0.8431372549019608,18.271077777777776,31
12h,82,0.7990196078431373,15.56336477272727,31
6h,34,0.8333333333333334,18.973483333333338,26
12h,77,0.8112745098039216,17.69002380952381,26
6h,21,0.8970588235294118,31.91178,152
12h,39,0.9044117647058824,12.869994920634918,152
24h,118,0.8553921568627451,1196.9113031712245,152
48h,300,0.8161764705882353,243.64925268773328,152
6h,61,0.7009803921568627,28.77971458333333,54
12h,102,0.75,19.76962933884298,54
24h,190,0.7671568627450981,83.12561925911287,54
6h,27,0.8676470588235294,33.12099999999999,204
12h,55,0.8651960784313726,89.13193484848485,204
24h,120,0.8529411764705882,77.3102881884058,204
48h,271,0.8339460784313726,50.26466266990702,204
6h,26,0.8725490196078431,3.2218766666666667,44
12h,58,0.8578431372549019,151.07621424242424,44
24h,148,0.8186274509803921,40.912238795323034,44
6h,61,0.7009803921568627,14.906666666666666,28
12h,108,0.7352941176470589,14.623193620414673,28
6h,47,0.7696078431372549,7.93175,117
12h,94,0.7696078431372549,14.793676223776224,117
24h,213,0.7389705882352942,42.85963070871158,117
48h,444,0.7279411764705882,22.683873497965056,117
6h,39,0.8088235294117647,131.41953703703703,25
12h,72,0.8235294117647058,101.93706666666667,25
6h,37,0.8186274509803921,20.25023571428571,51
12h,79,0.8063725490196079,49.09245394570707,51
24h,170,0.7916666666666666,58.85779908120412,51
6h,47,0.7696078431372549,63.856500000000004,20
6h,38,0.8137254901960784,53.789409523809525,152
12h,75,0.8161764705882353,63.98451904761906,152
24h,164,0.7990196078431373,45.5519831884058,152
48h,331,0.7971813725490197,43.11592288922661,152
6h,38,0.8137254901960784,105.82222222222224,32
12h,78,0.8088235294117647,58.01438484848485,32
6h,32,0.8431372549019608,44.09254047619048,328
12h,67,0.8357843137254902,29.558565367965365,328
24h,145,0.8223039215686274,46.810351859320804,328
48h,276,0.8308823529411765,108.34183882519555,328
6h,27,0.8676470588235294,24.26525,35
12h,76,0.8137254901960784,7.306450865800865,35
24h,142,0.8259803921568627,8.45426401212659,35
6h,50,0.7549019607843137,97.50119047619047,33
12h,109,0.7328431372549019,45.69215725677831,33
6h,34,0.8333333333333334,16.47097222222222,128
12h,71,0.8259803921568627,30.883756895485465,128
24h,150,0.8161764705882353,24.95043605119518,128
48h,288,0.8235294117647058,17.865988903129185,128
6h,60,0.7058823529411765,98.85561904761904,84
12h,104,0.7450980392156863,115.31955028409092,84
24h,211,0.741421568627451,69.17805756521739,84
48h,409,0.7493872549019608,59.10053454521813,84
6h,39,0.8088235294117647,31.801190476190474,103
12h,81,0.8014705882352942,19.947473863636365,103
24h,161,0.8026960784313726,21.927192305194804,103
48h,337,0.7935049019607843,24.6488417544271,103
6h,26,0.8725490196078431,9.807026666666667,48
12h,69,0.8308823529411765,8.78540699300699,48
24h,120,0.8529411764705882,8.4245925134286,48
6h,26,0.8725490196078431,42.40833333333333,28
12h,55,0.8651960784313726,36.07796919191919,28
6h,40,0.803921568627451,74.73333333333333,15
6h,53,0.7401960784313726,21.092857142857138,17
6h,38,0.8137254901960784,5.55,62
12h,66,0.8382352941176471,10.75899375,62
24h,163,0.8002450980392157,25.091817027417026,62
48h,353,0.7837009803921569,72.65058782493834,62
6h,38,0.8137254901960784,28.89576111111111,34
12h,92,0.7745098039215687,28.961047916666665,34
24h,180,0.7794117647058824,41.83912264128701,34
6h,49,0.7598039215686274,17.921238095238095,59
12h,110,0.7303921568627451,103.78506497668998,59
24h,254,0.6887254901960784,78.24412285872629,59
48h,433,0.7346813725490197,102.5329857842008,59
6h,32,0.8431372549019608,7.707952777777778,80
12h,63,0.8455882352941176,9.973935858585858,80
24h,140,0.8284313725490197,12.32658541062802,80
48h,271,0.8339460784313726,76.86065888594638,80
6h,45,0.7794117647058824,8.297135416666666,41
12h,97,0.7622549019607843,16.92032021780303,41
24h,207,0.7463235294117647,11.281337414061566,41
6h,48,0.7647058823529411,12.2875,37
12h,102,0.75,58.64340902777777,37
24h,206,0.7475490196078431,77.34171484859439,37
6h,37,0.8186274509803921,11.938888888888888,52
12h,99,0.7573529411764706,46.55152807765151,52
24h,203,0.7512254901960784,23.18146442546584,52
6h,22,0.8921568627450981,43.3,63
12h,53,0.8700980392156863,24.91977838383838,63
24h,106,0.8700980392156863,8.074653038173947,63
48h,276,0.8308823529411765,145.9240125804466,63
6h,42,0.7941176470588235,7.844360000000003,25
12h,73,0.821078431372549,6.693939267676768,25
6h,63,0.6911764705882353,26.069791666666667,17
6h,39,0.8088235294117647,43.52916666666666,30
12h,95,0.7671568627450981,25.253307028619528,30
6h,50,0.7549019607843137,23.787146666666665,61
12h,108,0.7352941176470589,13.906365782828285,61
24h,234,0.7132352941176471,26.65734276759013,61
48h,505,0.6905637254901961,63.1256693137023,61
6h,36,0.8235294117647058,50.75238095238095,53
12h,84,0.7941176470588235,76.73631725417441,53
24h,188,0.7696078431372549,68.76907593630817,53
6h,35,0.8284313725490197,5.853441666666667,79
12h,102,0.75,5.318351515151515,79
24h,235,0.7120098039215687,10.434933123737952,79
48h,454,0.7218137254901961,30.96823585646307,79
6h,58,0.7156862745098039,14.59888717948718,101
12h,98,0.7598039215686274,25.057615151515147,101
24h,202,0.7524509803921569,44.512330026915116,101
48h,408,0.75,55.922227191738564,101
6h,50,0.7549019607843137,107.55862142857143,21
12h,114,0.7205882352941176,108.17952071428573,21
6h,56,0.7254901960784313,131.18973958333333,122
12h,94,0.7696078431372549,55.71637011019284,122
24h,184,0.7745098039215687,39.42264578540507,122
48h,406,0.7512254901960784,54.115521429525586,122
6h,28,0.8627450980392157,29.193633333333334,117
12h,68,0.8333333333333334,10.704255371900826,117
24h,144,0.8235294117647058,10.38036768921095,117
48h,301,0.8155637254901961,108.10039742968175,117
6h,47,0.7696078431372549,16.26527777777778,70
12h,75,0.8161764705882353,11.161699783549782,70
24h,132,0.8382352941176471,8.188917619400527,70
48h,286,0.8247549019607843,286.63309658025184,70
6h,42,0.7941176470588235,28.198809523809523,102
12h,101,0.7524509803921569,34.81924452214452,102
24h,190,0.7671568627450981,139.95510412525877,102
48h,393,0.7591911764705882,68.57702365037778,102
6h,44,0.7843137254901961,51.026666666666664,17
6h,3,0.9852941176470589,,90
12h,3,0.9926470588235294,,90
24h,79,0.9031862745098039,52.32860072727273,90
48h,211,0.8707107843137255,367.63796443426804,90
6h,35,0.8284313725490197,21.94972428571428,17
6h,60,0.7058823529411765,4.223039215686275,22
12h,102,0.75,19.583698329156224,22
6h,28,0.8627450980392157,11.673333333333336,53
12h,71,0.8259803921568627,23.459490235690236,53
24h,135,0.8345588235294118,23.297935759771633,53
6h,49,0.7598039215686274,28.895595238095236,151
12h,109,0.7328431372549019,56.98241006944444,151
24h,212,0.7401960784313726,59.55985516069076,151
48h,449,0.7248774509803921,61.56789311237457,151
6h,56,0.7254901960784313,4.547619047619047,45
12h,96,0.7647058823529411,15.232041287878786,45
24h,174,0.7867647058823529,16.977219166666668,45
6h,45,0.7794117647058824,56.33718666666666,51
12h,90,0.7794117647058824,30.576503614267676,51
24h,149,0.8174019607843137,25.01681889822134,51
6h,51,0.75,86.12041666666667,53
12h,95,0.7671568627450981,71.77561919191919,53
24h,227,0.7218137254901961,90.2825731494378,53
6h,47,0.7696078431372549,40.4125074074074,57
12h,98,0.7598039215686274,101.12475405594407,57
24h,234,0.7132352941176471,30.011954067852873,57
6h,49,0.7598039215686274,45.91406666666666,196
12h,87,0.7867647058823529,47.52614545454546,196
24h,185,0.7732843137254902,118.12994565460967,196
48h,369,0.7738970588235294,65.1901999860735,196
6h,35,0.8284313725490197,96.43472222222222,48
12h,83,0.7965686274509803,54.438687445887446,48
24h,128,0.8431372549019608,2589.6229111988305,48
6h,44,0.7843137254901961,13.763729444444444,155
12h,88,0.7843137254901961,1247.2738385072953,155
24h,133,0.8370098039215687,1182.1067252166279,155
48h,272,0.8333333333333334,612.9259498638428,155
6h,58,0.7156862745098039,33.37255666666667,216
12h,96,0.7647058823529411,56.83348361742425,216
24h,179,0.7806372549019608,44.128460698404865,216
48h,361,0.7787990196078431,147.57164631805986,216
6h,38,0.8137254901960784,26.122222222222224,121
12h,78,0.8088235294117647,16.515929166666666,121
24h,195,0.7610294117647058,7.128263212378773,121
48h,401,0.7542892156862745,90.5532437636973,121
6h,46,0.7745098039215687,29.731975925925926,113
12h,101,0.7524509803921569,48.34291907968574,113
24h,189,0.7683823529411765,51.74055969088882,113
48h,372,0.7720588235294118,40.34976839593488,113
6h,43,0.7892156862745098,33.36742291666667,101
12h,89,0.7818627450980392,14.001915220385673,101
24h,193,0.7634803921568627,19.090198158148397,101
48h,400,0.7549019607843137,64.75861022834391,101
6h,23,0.8872549019607843,16.654543333333333,153
12h,50,0.8774509803921569,13.39876303030303,153
24h,125,0.8468137254901961,7.545215742383911,153
48h,255,0.84375,91.61779782579767,153
6h,40,0.803921568627451,36.87720476190476,122
12h,111,0.7279411764705882,14.138155696969699,122
24h,210,0.7426470588235294,20.73857526670692,122
48h,411,0.7481617647058824,47.25393242163738,122
6h,56,0.7254901960784313,24.944514583333333,46
12h,97,0.7622549019607843,59.41175730027548,46
24h,198,0.7573529411764706,54.901929654934435,46
6h,52,0.7450980392156863,31.152380952380952,106
12h,91,0.7769607843137255,37.20435473484848,106
24h,175,0.7855392156862745,31.70021004347826,106
48h,384,0.7647058823529411,37.11135582424077,106
6h,59,0.7107843137254902,88.64020083333332,155
12h,101,0.7524509803921569,69.15613371900825,155
24h,196,0.7598039215686274,175.24692397412008,155
48h,375,0.7702205882352942,127.27934929172042,155
6h,41,0.7990196078431373,31.25264166666667,218
12h,79,0.8063725490196079,37.19595833333334,218
24h,174,0.7867647058823529,45.529036471861474,218
48h,354,0.7830882352941176,334.37411932575804,218
6h,30,0.8529411764705882,31.986463888888892,43
12h,55,0.8651960784313726,27.525548106060608,43
24h,140,0.8284313725490197,11.336252899657886,43
6h,39,0.8088235294117647,82.65805624999999,77
12h,77,0.8112745098039216,94.94566111111111,77
24h,171,0.7904411764705882,110.19029254535148,77
48h,347,0.7873774509803921,76.32809129935629,77
6h,57,0.7205882352941176,140.9013888888889,23
12h,98,0.7598039215686274,112.28605028409092,23
6h,10,0.9509803921568627,1.6,65
12h,42,0.8970588235294118,63.105598809523805,65
24h,137,0.8321078431372549,17.573279904287823,65
48h,251,0.8462009803921569,27.600851047035935,65
6h,47,0.7696078431372549,15.566666666666666,46
12h,92,0.7745098039215687,27.241252020202023,46
24h,183,0.7757352941176471,59.70232128205128,46
6h,13,0.9362745098039216,,89
12h,13,0.9681372549019608,,89
24h,54,0.9338235294117647,10.64578492063492,89
48h,231,0.8584558823529411,6.658857478459932,89
6h,51,0.75,22.888141666666666,86
12h,99,0.7573529411764706,36.8006082983683,86
24h,182,0.7769607843137255,438.8753887229437,86
48h,303,0.8143382352941176,271.6394487966302,86
6h,42,0.7941176470588235,28.46666666666667,68
12h,80,0.803921568627451,44.184171428571425,68
24h,182,0.7769607843137255,254.681381432553,68
48h,375,0.7702205882352942,84.62226111020186,68
6h,40,0.803921568627451,37.43972291666667,18
6h,31,0.8480392156862745,166.53212066666666,21
6h,46,0.7745098039215687,51.34872,27
12h,78,0.8088235294117647,105.7286897727273,27
6h,35,0.8284313725490197,89.08989722222223,29
12h,80,0.803921568627451,32.60764948292448,29
6h,20,0.9019607843137255,5.64,87
12h,43,0.8946078431372549,21.433201038961037,87
24h,115,0.8590686274509803,12.84720784775103,87
48h,268,0.8357843137254902,24.436044387287225,87
6h,37,0.8186274509803921,83.44437111111112,121
12h,84,0.7941176470588235,57.207285700757566,121
24h,179,0.7806372549019608,32.61230497584541,121
48h,356,0.7818627450980392,86.5838092042709,121
6h,56,0.7254901960784313,29.62108791666667,94
12h,124,0.696078431372549,70.75794017676768,94
24h,218,0.7328431372549019,175.20549058519984,94
48h,400,0.7549019607843137,179.78752596316903,94
6h,82,0.5980392156862745,35.080095512820506,19
6h,41,0.7990196078431373,36.85138888888889,110
12h,94,0.7696078431372549,26.541995454545457,110
24h,173,0.7879901960784313,21.69799547035573,110
48h,340,0.7916666666666666,39.415130631160935,110
6h,63,0.6911764705882353,7.052366666666667,49
12h,125,0.6936274509803921,83.11855716564138,49
24h,243,0.7022058823529411,50.15967546717172,49
6h,49,0.7598039215686274,49.436685555555556,16
6h,13,0.9362745098039216,,75
12h,13,0.9681372549019608,,75
24h,74,0.9093137254901961,66.60480160714286,75
48h,240,0.8529411764705882,44.14168106112171,75
6h,52,0.7450980392156863,60.667592592592605,86
12h,105,0.7426470588235294,20.4949265993266,86
24h,177,0.7830882352941176,23.769898894117155,86
48h,363,0.7775735294117647,72.25723020341493,86
6h,55,0.7303921568627451,48.395015,24
12h,109,0.7328431372549019,25.064558405483407,24
6h,62,0.696078431372549,23.288458333333335,25
12h,104,0.7450980392156863,31.65827843711844,25
6h,29,0.8578431372549019,20.68,205
12h,72,0.8235294117647058,379.0774555555555,205
24h,131,0.8394607843137255,221.3858282798624,205
48h,279,0.8290441176470589,226.51512348871492,205
6h,64,0.6862745098039216,8.000382291666668,118
12h,118,0.7107843137254902,18.687197327441076,118
24h,250,0.6936274509803921,22.204624276256357,118
48h,510,0.6875,147.38365749892859,118
6h,37,0.8186274509803921,11.105555555555556,35
12h,74,0.8186274509803921,16.156350216450218,35
24h,151,0.8149509803921569,37.89910585921325,35
6h,40,0.803921568627451,76.98326666666667,86
12h,87,0.7867647058823529,55.34955050505049,86
24h,182,0.7769607843137255,236.1564638213546,86
48h,290,0.8223039215686274,290.5667393872549,86
6h,51,0.75,47.25,47
12h,116,0.7156862745098039,167.62351575757575,47
24h,238,0.7083333333333334,127.06676469079127,47
6h,48,0.7647058823529411,79.08096458333334,41
12h,96,0.7647058823529411,75.39848051948051,41
24h,204,0.75,53.46959335219431,41
6h,41,0.7990196078431373,15.539188888888889,111
12h,67,0.8357843137254902,56.59267727272728,111
24h,134,0.8357843137254902,25.843856028410947,111
48h,281,0.8278186274509803,160.00323974014893,111
6h,40,0.803921568627451,74.15238095238094,74
12h,81,0.8014705882352942,93.16327386363636,74
24h,226,0.7230392156862745,30.80232978778468,74
48h,378,0.7683823529411765,145.3698857136335,74
6h,40,0.803921568627451,8.463570833333334,16
6h,46,0.7745098039215687,11.34015,30
12h,98,0.7598039215686274,16.182738026418026,30
6h,44,0.7843137254901961,23.47995208333333,25
12h,100,0.7549019607843137,18.849544696969698,25
6h,40,0.803921568627451,15.299066666666667,44
12h,91,0.7769607843137255,17.517413636363635,44
24h,194,0.7622549019607843,32.98147338768116,44
6h,28,0.8627450980392157,7.68168888888889,54
12h,72,0.8235294117647058,5.540239898989899,54
24h,130,0.8406862745098039,8.853289554865425,54
6h,47,0.7696078431372549,34.68140625,19
6h,74,0.6372549019607843,1.6278225,40
12h,111,0.7279411764705882,3.9383755303030297,40
24h,253,0.6899509803921569,64.86126371696638,40
6h,37,0.8186274509803921,18.394444444444446,16
6h,58,0.7156862745098039,62.87738095238095,41
12h,96,0.7647058823529411,45.796164772727266,41
24h,181,0.7781862745098039,18.269785005574136,41
6h,39,0.8088235294117647,38.68107916666666,18
6h,48,0.7647058823529411,96.85000000000001,19
6h,54,0.7352941176470589,7.14146515151515,72
12h,115,0.7181372549019608,14.055605361305359,72
24h,212,0.7401960784313726,32.70528347785306,72
48h,472,0.7107843137254902,266.1054513788854,72
6h,57,0.7205882352941176,16.219047619047622,169
12h,100,0.7549019607843137,12.436463484848485,169
24h,217,0.7340686274509803,101.83484949224689,169
48h,373,0.7714460784313726,202.55229241966518,169
6h,50,0.7549019607843137,168.35951904761905,28
12h,88,0.7843137254901961,162.65116057720056,28
6h,52,0.7450980392156863,7.985714285714287,21
12h,87,0.7867647058823529,6.569018686868687,21
6h,55,0.7303921568627451,25.62341666666667,101
12h,132,0.6764705882352942,7.706783636363636,101
24h,228,0.7205882352941176,19.590810642961156,101
48h,460,0.7181372549019608,43.232815652494665,101
6h,32,0.8431372549019608,14.516666666666666,103
12h,88,0.7843137254901961,21.101779166666667,103
24h,166,0.7965686274509803,25.019239525691702,103
48h,347,0.7873774509803921,42.573074587624895,103
6h,65,0.6813725490196079,8.68654351851852,59
12h,118,0.7107843137254902,33.29518888888889,59
24h,217,0.7340686274509803,63.37001241924492,59
48h,414,0.7463235294117647,156.47819113489803,59
6h,74,0.6372549019607843,62.4361546875,21
6h,51,0.75,18.233374242424244,20
6h,48,0.7647058823529411,25.73994393939394,176
12h,111,0.7279411764705882,24.56126510822511,176
24h,230,0.7181372549019608,74.95115266800558,176
48h,447,0.7261029411764706,95.0781865388035,176
6h,31,0.8480392156862745,22.892026666666666,24
12h,62,0.8480392156862745,33.07905138888889,24
6h,41,0.7990196078431373,136.44658958333332,286
12h,91,0.7769607843137255,92.9572604040404,286
24h,188,0.7696078431372549,34.68357251248325,286
48h,373,0.7714460784313726,319.16199484704657,286
6h,52,0.7450980392156863,13.849990476190479,273
12h,67,0.8357843137254902,12.748075,273
24h,96,0.8823529411764706,21.17974134199134,273
48h,239,0.8535539215686274,171.46315799736496,273
6h,62,0.696078431372549,44.74345238095238,73
12h,106,0.7401960784313726,22.640505492424246,73
24h,187,0.7708333333333334,30.432982411067194,73
48h,390,0.7610294117647058,28.916037990048036,73
6h,37,0.8186274509803921,1058.3666666666668,80
12h,84,0.7941176470588235,584.9120670995671,80
24h,182,0.7769607843137255,114.35918340136057,80
48h,332,0.7965686274509803,90.67548610272789,80
6h,45,0.7794117647058824,60.58845833333333,77
12h,100,0.7549019607843137,799.8071717171717,77
24h,178,0.7818627450980392,593.7654741001752,77
48h,371,0.772671568627451,276.12707548273943,77
6h,45,0.7794117647058824,31.135316666666668,77
12h,86,0.7892156862745098,112.40291930069931,77
24h,176,0.7843137254901961,65.17412686920223,77
48h,363,0.7775735294117647,59.99585132904047,77
6h,70,0.6568627450980392,11.813425925925927,60
12h,106,0.7401960784313726,19.91334590909091,60
24h,192,0.7647058823529411,569.7375861007047,60
48h,397,0.7567401960784313,345.4679398458272,60
6h,38,0.8137254901960784,114.06666666666668,128
12h,76,0.8137254901960784,75.18390757575757,128
24h,156,0.8088235294117647,48.52855960056047,128
48h,316,0.8063725490196079,74.33574293783568,128
6h,34,0.8333333333333334,6.015,20
6h,57,0.7205882352941176,50.42326666666667,51
12h,93,0.7720588235294118,37.80673030303031,51
24h,183,0.7757352941176471,76.67819131022962,51
6h,33,0.8382352941176471,15.43253285714286,190
12h,78,0.8088235294117647,40.59427956709957,190
24h,151,0.8149509803921569,19.957445090344436,190
48h,297,0.8180147058823529,153.00636909892154,190
6h,26,0.8725490196078431,10.479360000000002,146
12h,52,0.8725490196078431,15.392797727272727,146
24h,116,0.8578431372549019,18.511170641821945,146
48h,246,0.8492647058823529,39.48460651919396,146
6h,49,0.7598039215686274,19.0131975,52
12h,106,0.7401960784313726,20.429534487734486,52
24h,198,0.7573529411764706,42.78216551030491,52
6h,34,0.8333333333333334,19.880525238095238,26
12h,69,0.8308823529411765,26.350770887445886,26
6h,48,0.7647058823529411,39.198253333333334,86
12h,88,0.7843137254901961,22.075277479338844,86
24h,198,0.7573529411764706,11.223046158243932,86
48h,396,0.7573529411764706,36.962893106995885,86
6h,34,0.8333333333333334,34.830555555555556,101
12h,69,0.8308823529411765,23.170952813852814,101
24h,148,0.8186274509803921,22.397521354292703,101
48h,300,0.8161764705882353,74.4641620322604,101
6h,38,0.8137254901960784,37.84162638888888,107
12h,63,0.8455882352941176,40.48704942279943,107
24h,139,0.8296568627450981,72.22037700133201,107
48h,286,0.8247549019607843,951.005875156057,107
6h,47,0.7696078431372549,42.49791666666667,154
12h,91,0.7769607843137255,89.0611332070707,154
24h,195,0.7610294117647058,89.02957294979366,154
48h,388,0.7622549019607843,89.27124466726984,154
6h,59,0.7107843137254902,3.0947916666666666,21
6h,56,0.7254901960784313,53.81904761904762,119
12h,113,0.7230392156862745,54.40225921717172,119
24h,197,0.758578431372549,53.09910880119126,119
48h,394,0.758578431372549,71.45771840180437,119
6h,52,0.7450980392156863,60.09027777777778,41
12h,101,0.7524509803921569,18.03997647058824,41
24h,193,0.7634803921568627,131.22401352941174,41
6h,27,0.8676470588235294,93.40058333333334,39
12h,55,0.8651960784313726,45.479409595959595,39
24h,137,0.8321078431372549,9.446604040920718,39
6h,68,0.6666666666666666,57.05370555555555,76
12h,133,0.6740196078431373,35.612012768595044,76
24h,201,0.7536764705882353,30.56344928807526,76
48h,409,0.7493872549019608,32.7663446236441,76
6h,57,0.7205882352941176,38.79743333333333,35
12h,95,0.7671568627450981,48.09597992424242,35
24h,200,0.7549019607843137,41.16202543961354,35
6h,44,0.7843137254901961,40.3315525,132
12h,92,0.7745098039215687,84.99288320202021,132
24h,193,0.7634803921568627,68.45357677620538,132
48h,367,0.7751225490196079,75.90745711269295,132
6h,43,0.7892156862745098,84.35300416666666,159
12h,99,0.7573529411764706,62.169953474025974,159
24h,169,0.7928921568627451,69.22596329701842,159
48h,299,0.8167892156862745,48.17184451772457,159
6h,27,0.8676470588235294,23.688267333333336,79
12h,47,0.8848039215686274,21.657896,79
24h,103,0.8737745098039216,19.927890828586616,79
48h,208,0.8725490196078431,112.74015377632028,79
6h,44,0.7843137254901961,192.19047619047618,45
12h,105,0.7426470588235294,72.39630353535354,45
24h,167,0.7953431372549019,64.11785948620621,45
6h,41,0.7990196078431373,7.007191666666667,24
12h,104,0.7450980392156863,25.82838327505828,24
6h,63,0.6911764705882353,35.14851969696969,25
12h,112,0.7254901960784313,33.27840984848485,25
6h,50,0.7549019607843137,76.76587380952381,305
12h,84,0.7941176470588235,159.00499308712125,305
24h,154,0.8112745098039216,167.13426484519104,305
48h,301,0.8155637254901961,63.06622556530562,305
6h,31,0.8480392156862745,26.445245999999997,23
12h,63,0.8455882352941176,22.82264583333333,23
6h,39,0.8088235294117647,20.718055555555555,30
12h,87,0.7867647058823529,19.902031818181822,30
6h,46,0.7745098039215687,16.61388888888889,79
12h,72,0.8235294117647058,13.17137972027972,79
24h,137,0.8321078431372549,31.065878968456946,79
48h,296,0.8186274509803921,43.31439245230078,79
6h,55,0.7303921568627451,12.139687499999999,102
12h,122,0.7009803921568627,24.16240847107438,102
24h,225,0.7242647058823529,33.07395464292062,102
48h,444,0.7279411764705882,167.38811350871387,102
6h,46,0.7745098039215687,46.00938333333333,63
12h,95,0.7671568627450981,85.07789108391609,63
24h,195,0.7610294117647058,113.20138696206745,63
48h,359,0.7800245098039216,71.1498782635034,63
6h,40,0.803921568627451,30.19760833333333,81
12h,77,0.8112745098039216,13.963414814814817,81
24h,104,0.8725490196078431,19.508842270075604,81
48h,228,0.8602941176470589,657.6487965217225,81
6h,49,0.7598039215686274,60.61,22
12h,86,0.7892156862745098,27.696308964646462,22
6h,56,0.7254901960784313,12.499053846153847,16
6h,37,0.8186274509803921,74.75138888888888,55
12h,96,0.7647058823529411,42.39715871212121,55
24h,189,0.7683823529411765,34.39165838903678,55
6h,37,0.8186274509803921,58.80555555555555,25
12h,75,0.8161764705882353,34.81166796536797,25
6h,28,0.8627450980392157,40.8585,48
12h,57,0.8602941176470589,43.02749537878788,48
24h,151,0.8149509803921569,8.742592838843926,48
6h,40,0.803921568627451,31.808489583333337,88
12h,78,0.8088235294117647,19.091624621212123,88
24h,187,0.7708333333333334,32.83537713196034,88
48h,397,0.7567401960784313,33.923138006346164,88
6h,52,0.7450980392156863,36.78333333333334,17
6h,34,0.8333333333333334,102.26817333333334,21
6h,27,0.8676470588235294,33.98,75
12h,78,0.8088235294117647,14.84403925925926,75
24h,141,0.8272058823529411,20.329653203463202,75
48h,255,0.84375,44.46383846712352,75
6h,41,0.7990196078431373,44.99198333333333,80
12h,107,0.7377450980392157,17.158628619528617,80
24h,206,0.7475490196078431,12.95401025653359,80
48h,410,0.7487745098039216,32.76936794564993,80
6h,42,0.7941176470588235,4.977380952380952,130
12h,93,0.7720588235294118,9.131006749311295,130
24h,161,0.8026960784313726,14.052997158426367,130
48h,356,0.7818627450980392,122.73074980767899,130
6h,73,0.6421568627450981,145.71778070175438,18
6h,44,0.7843137254901961,33.60983095238095,118
12h,111,0.7279411764705882,41.80749008838384,118
24h,213,0.7389705882352942,27.427413480972096,118
48h,406,0.7512254901960784,39.76144437359823,118
6h,38,0.8137254901960784,8.509108333333332,21
6h,40,0.803921568627451,15.400389583333334,212
12h,92,0.7745098039215687,25.73530606060606,212
24h,184,0.7745098039215687,41.35912187025534,212
48h,348,0.7867647058823529,76.16321136613927,212
6h,49,0.7598039215686274,32.12787083333333,60
12h,90,0.7794117647058824,42.6733957070707,60
24h,194,0.7622549019607843,30.609670348084883,60
48h,398,0.7561274509803921,158.69616138164574,60
6h,34,0.8333333333333334,19.773333333333333,103
12h,74,0.8186274509803921,23.086164393939395,103
24h,172,0.7892156862745098,12.173638171888323,103
48h,364,0.7769607843137255,18.756980144562235,103
6h,68,0.6666666666666666,24.902044047619047,27
12h,144,0.6470588235294118,102.5551902281746,27
6h,45,0.7794117647058824,50.48333333333333,36
12h,77,0.8112745098039216,36.962220129870126,36
24h,163,0.8002450980392157,60.191049635903546,36
6h,53,0.7401960784313726,217.8960227272727,196
12h,110,0.7303921568627451,107.67497,196
24h,188,0.7696078431372549,76.3581646939896,196
48h,383,0.7653186274509803,82.0400617802361,196
6h,56,0.7254901960784313,37.366431666666664,59
12h,114,0.7205882352941176,34.66881742424242,59
24h,226,0.7230392156862745,281.8321489699793,59
48h,419,0.7432598039215687,469.20686406830714,59
6h,21,0.8970588235294118,6.67993888888889,48
12h,42,0.8970588235294118,33.33638214285715,48
24h,130,0.8406862745098039,34.638135422608435,48
6h,50,0.7549019607843137,19.43958333333333,43
12h,128,0.6862745098039216,26.991852604303908,43
24h,256,0.6862745098039216,241.8912274234281,43
6h,51,0.75,57.71454285714286,90
12h,89,0.7818627450980392,51.762306060606065,90
24h,174,0.7867647058823529,31.409793143390427,90
48h,378,0.7683823529411765,43.25155766834553,90
6h,38,0.8137254901960784,140.2275880952381,193
12h,75,0.8161764705882353,91.28531255411255,193
24h,163,0.8002450980392157,124.01652533973272,193
48h,336,0.7941176470588235,117.07502291214644,193
6h,0,1.0,,68
12h,0,1.0,,68
24h,61,0.9252450980392157,24.81067737373737,68
48h,155,0.9050245098039216,60.97626650718352,68
6h,56,0.7254901960784313,41.406826190476195,66
12h,105,0.7426470588235294,61.10010274621212,66
24h,186,0.7720588235294118,60.89644567158385,66
48h,369,0.7738970588235294,60.134651480215894,66
6h,47,0.7696078431372549,9.243055555555555,22
12h,74,0.8186274509803921,29.189401584094917,22
6h,25,0.8774509803921569,28.895893333333333,94
12h,49,0.8799019607843137,24.18508060606061,94
24h,107,0.8688725490196079,34.90509824129494,94
48h,261,0.8400735294117647,29.654365517716194,94
6h,51,0.75,4.188930952380953,19
6h,25,0.8774509803921569,5.02656,74
12h,73,0.821078431372549,29.51801212121212,74
24h,153,0.8125,25.575150225861094,74
48h,406,0.7512254901960784,35.571408762556096,74
6h,32,0.8431372549019608,7.808333333333333,68
12h,68,0.8333333333333334,6.867355988455989,68
24h,147,0.8198529411764706,23.018164269005847,68
48h,307,0.8118872549019608,16.46163628479921,68
6h,28,0.8627450980392157,20.51875,18
6h,53,0.7401960784313726,187.0692053333333,30
12h,80,0.803921568627451,196.60639928282822,30
6h,52,0.7450980392156863,16.977708333333332,23
12h,106,0.7401960784313726,28.06266739177489,23
6h,38,0.8137254901960784,29.803016666666668,20
6h,50,0.7549019607843137,15.96705625,96
12h,90,0.7794117647058824,12.149249074074072,96
24h,158,0.8063725490196079,37.96999352881504,96
48h,361,0.7787990196078431,73.3185734538124,96
6h,27,0.8676470588235294,11.099005,31
12h,71,0.8259803921568627,16.904209494949495,31
6h,61,0.7009803921568627,10.928281250000001,60
12h,108,0.7352941176470589,132.26781888111887,60
24h,223,0.7267156862745098,77.25820823985195,60
48h,417,0.7444852941176471,66.11719190410929,60
6h,16,0.9215686274509803,16.258333333333333,81
12h,48,0.8823529411764706,24.473411678004535,81
24h,128,0.8431372549019608,29.980846992481208,81
48h,282,0.8272058823529411,64.55375843659854,81
6h,52,0.7450980392156863,33.08611111111111,123
12h,96,0.7647058823529411,23.419489772727275,123
24h,175,0.7855392156862745,14.039782723679485,123
48h,343,0.789828431372549,24.00966230496243,123
6h,40,0.803921568627451,113.84469166666668,96
12h,96,0.7647058823529411,94.79839259259259,96
24h,184,0.7745098039215687,72.18312364600979,96
48h,366,0.7757352941176471,65.09057381443525,96
6h,47,0.7696078431372549,11.039306250000001,102
12h,99,0.7573529411764706,9.458063852813853,102
24h,193,0.7634803921568627,34.06256240165631,102
48h,401,0.7542892156862745,25.149919608994665,102
6h,45,0.7794117647058824,7.368048333333334,34
12h,90,0.7794117647058824,9.750067583732058,34
24h,182,0.7769607843137255,29.644538222957163,34
6h,40,0.803921568627451,147.1215666666667,214
12h,96,0.7647058823529411,101.69824545454546,214
24h,190,0.7671568627450981,31.163051793242992,214
48h,365,0.7763480392156863,51.84677521626215,214
6h,55,0.7303921568627451,152.83698431372548,97
12h,87,0.7867647058823529,159.53405092592592,97
24h,184,0.7745098039215687,122.34026388304093,97
48h,366,0.7757352941176471,95.94746032179104,97
6h,47,0.7696078431372549,20.81126111111111,73
12h,106,0.7401960784313726,13.442089526847422,73
24h,202,0.7524509803921569,97.07330336344815,73
48h,354,0.7830882352941176,53.93042095498085,73
6h,50,0.7549019607843137,2.0160142857142858,189
12h,74,0.8186274509803921,4.722919696969697,189
24h,134,0.8357843137254902,11.888935820816863,189
48h,274,0.8321078431372549,47.66579016019018,189
6h,46,0.7745098039215687,17.621237777777775,69
12h,77,0.8112745098039216,21.91739292929293,69
24h,140,0.8284313725490197,56.69234922101449,69
48h,284,0.8259803921568627,335.98539692830536,69
6h,47,0.7696078431372549,19.954166666666666,37
12h,87,0.7867647058823529,18.862766287878788,37
24h,202,0.7524509803921569,9.43103766617631,37
6h,57,0.7205882352941176,5.070512820512821,59
12h,117,0.7132352941176471,30.84726262626263,59
24h,223,0.7267156862745098,31.920651777871885,59
48h,436,0.7328431372549019,224.37474997102723,59
6h,24,0.8823529411764706,11.848958333333334,74
12h,50,0.8774509803921569,10.945578114478115,74
24h,119,0.8541666666666666,7.7895264095303185,74
48h,292,0.821078431372549,28.950064663498374,74
6h,37,0.8186274509803921,115.34001722222222,17
6h,32,0.8431372549019608,16.6,114
12h,73,0.821078431372549,101.21483722943721,114
24h,153,0.8125,26.27173436758893,114
48h,293,0.8204656862745098,35.15726642287746,114
6h,33,0.8382352941176471,17.751693333333332,50
12h,58,0.8578431372549019,25.730685894660894,50
24h,122,0.8504901960784313,74.95111208935329,50
6h,50,0.7549019607843137,15.333333333333334,59
12h,101,0.7524509803921569,6.669020286195287,59
24h,205,0.7487745098039216,63.55345389784129,59
48h,435,0.7334558823529411,80.09722634653484,59
6h,38,0.8137254901960784,65.29567999999999,50
12h,101,0.7524509803921569,26.66702664141414,50
24h,190,0.7671568627450981,50.00294788566827,50
6h,51,0.75,10.791314285714288,29
12h,91,0.7769607843137255,10.960292518939392,29
6h,28,0.8627450980392157,74.13333333333333,114
12h,51,0.875,50.19341121933622,114
24h,113,0.8615196078431373,364.63422745587746,114
48h,254,0.8443627450980392,611.23822159981,114
6h,42,0.7941176470588235,17.85539761904762,19
6h,29,0.8578431372549019,41.669444444444444,50
12h,58,0.8578431372549019,57.04153556998557,50
24h,125,0.8468137254901961,33.586391679841896,50
6h,51,0.75,61.545416666666675,66
12h,97,0.7622549019607843,53.20607061688311,66
24h,201,0.7536764705882353,46.727952508281575,66
48h,392,0.7598039215686274,68.93454518721359,66
6h,48,0.7647058823529411,53.11428571428571,140
12h,91,0.7769607843137255,40.17587462121213,140
24h,190,0.7671568627450981,26.973187210144925,140
48h,371,0.772671568627451,119.64973131478452,140
6h,57,0.7205882352941176,16.62645238095238,18
6h,38,0.8137254901960784,13.8375,78
12h,95,0.7671568627450981,40.043801406926406,78
24h,190,0.7671568627450981,154.44943918552417,78
48h,383,0.7653186274509803,188.02747403789326,78
6h,73,0.6421568627450981,7.511196825396826,61
12h,120,0.7058823529411765,12.741433608815429,61
24h,182,0.7769607843137255,34.901570678871096,61
48h,353,0.7837009803921569,37.814370851518355,61
6h,51,0.75,90.1125,93
12h,99,0.7573529411764706,32.329411229946516,93
24h,175,0.7855392156862745,29.45721013252732,93
48h,357,0.78125,38.56660628011879,93
6h,44,0.7843137254901961,115.63928571428572,90
12h,100,0.7549019607843137,93.52596707988982,90
24h,196,0.7598039215686274,63.634567084886136,90
48h,403,0.7530637254901961,105.75677306289592,90
6h,48,0.7647058823529411,73.76628000000001,16
6h,55,0.7303921568627451,19.791666666666668,78
12h,93,0.7720588235294118,133.74632121212122,78
24h,174,0.7867647058823529,548.9062683920672,78
48h,386,0.7634803921568627,248.5788071963424,78
6h,35,0.8284313725490197,19.2438,15
6h,41,0.7990196078431373,7.027777777777779,20
6h,48,0.7647058823529411,5.766846,64
12h,82,0.7990196078431373,6.196545738636365,64
24h,164,0.7990196078431373,93.88036282427535,64
48h,308,0.8112745098039216,163.38305544948463,64
6h,39,0.8088235294117647,31.507616666666667,29
12h,71,0.8259803921568627,39.428057900432904,29
6h,46,0.7745098039215687,122.67747142857145,79
12h,103,0.7475490196078431,58.2981032051282,79
24h,184,0.7745098039215687,50.23596942052513,79
48h,402,0.7536764705882353,30.945328961697673,79
6h,27,0.8676470588235294,30.718594444444438,15
6h,41,0.7990196078431373,14.630666666666666,39
12h,100,0.7549019607843137,23.20584458754209,39
24h,223,0.7267156862745098,215.98675892462435,39
6h,38,0.8137254901960784,113.76327380952382,40
12h,75,0.8161764705882353,67.48431818181818,40
24h,177,0.7830882352941176,52.762219544042914,40
6h,48,0.7647058823529411,50.086535999999995,18
6h,59,0.7107843137254902,50.052771666666665,38
12h,102,0.75,27.703578321678325,38
24h,208,0.7450980392156863,30.103014979710142,38
6h,24,0.8823529411764706,146.83333333333331,39
12h,48,0.8823529411764706,88.08222909090911,39
24h,98,0.8799019607843137,51.912541534286966,39
6h,39,0.8088235294117647,113.5356,115
12h,106,0.7401960784313726,63.554174895104886,115
24h,202,0.7524509803921569,105.68169030081029,115
48h,430,0.7365196078431373,109.11328768474999,115
6h,51,0.75,32.390476190476186,55
12h,99,0.7573529411764706,381.55540562770557,55
24h,172,0.7892156862745098,377.6166914836923,55
6h,35,0.8284313725490197,79.15800714285714,76
12h,66,0.8382352941176471,414.62495176767675,76
24h,149,0.8174019607843137,1215.2575821096839,76
48h,295,0.8192401960784313,359.1038222778884,76
6h,62,0.696078431372549,22.526875,60
12h,111,0.7279411764705882,13.992231585081585,60
24h,233,0.7144607843137255,88.5358671850613,60
48h,488,0.7009803921568627,172.7879251378563,60
6h,38,0.8137254901960784,9.261111111111111,138
12h,79,0.8063725490196079,16.20432168560606,138
24h,205,0.7487745098039216,13.6759146012028,138
48h,418,0.7438725490196079,16.567482370135238,138
6h,48,0.7647058823529411,53.903259047619045,25
12h,94,0.7696078431372549,16.085573143939392,25
6h,50,0.7549019607843137,35.28047619047619,26
12h,93,0.7720588235294118,27.81948446969697,26
6h,35,0.8284313725490197,6.176066666666666,62
12h,75,0.8161764705882353,5.859454545454545,62
24h,165,0.7977941176470589,138.2843714591568,62
48h,346,0.7879901960784313,183.80844420729412,62
6h,94,0.5392156862745098,75.671756,67
12h,161,0.6053921568627451,130.90651158978952,67
24h,237,0.7095588235294118,105.36968244074933,67
48h,375,0.7702205882352942,135.12368484990495,67
6h,33,0.8382352941176471,33.23031904761905,158
12h,76,0.8137254901960784,60.008092714646466,158
24h,172,0.7892156862745098,32.12155043801863,158
48h,343,0.789828431372549,133.97581200806243,158
6h,50,0.7549019607843137,10.303844444444445,42
12h,98,0.7598039215686274,9.801857373737374,42
24h,208,0.7450980392156863,37.65650940473053,42
6h,55,0.7303921568627451,10.806690277777776,22
12h,87,0.7867647058823529,9.930474603174604,22
6h,39,0.8088235294117647,116.32978095238094,16
6h,42,0.7941176470588235,22.402263888888893,42
12h,84,0.7941176470588235,32.12002148989899,42
24h,160,0.803921568627451,18.997130604046347,42
6h,52,0.7450980392156863,16.047116666666668,35
12h,87,0.7867647058823529,186.73409183838382,35
24h,174,0.7867647058823529,128.52323260275193,35
6h,47,0.7696078431372549,24.510720740740744,62
12h,119,0.7083333333333334,11.434327292929293,62
24h,200,0.7549019607843137,11.309574913949275,62
48h,434,0.7340686274509803,58.59624290700646,62
6h,61,0.7009803921568627,26.94035333333333,128
12h,111,0.7279411764705882,13.023022610722611,128
24h,215,0.7365196078431373,230.30145047918037,128
48h,430,0.7365196078431373,117.42526580342661,128
6h,59,0.7107843137254902,5.0125,144
12h,110,0.7303921568627451,4.317360526315788,144
24h,216,0.7352941176470589,14.365821026086955,144
48h,437,0.7322303921568627,173.6264881423939,144
6h,0,1.0,,110
12h,0,1.0,,110
24h,43,0.9473039215686274,29.86415238095238,110
48h,182,0.8884803921568627,37.80685260923365,110
6h,34,0.8333333333333334,27.95416666666667,197
12h,67,0.8357843137254902,18.882379166666666,197
24h,156,0.8088235294117647,23.238639296066257,197
48h,322,0.8026960784313726,69.67089345787588,197
6h,58,0.7156862745098039,6.620000000000001,17
6h,57,0.7205882352941176,81.69761904761903,76
12h,97,0.7622549019607843,47.090735606060605,76
24h,195,0.7610294117647058,25.852046094616977,76
48h,392,0.7598039215686274,65.1939621786588,76
6h,79,0.6127450980392157,7.1619343749999995,20
6h,39,0.8088235294117647,126.66499999999999,132
12h,83,0.7965686274509803,109.15334924242424,132
24h,172,0.7892156862745098,83.19534427536232,132
48h,339,0.7922794117647058,47.51995214955595,132
6h,62,0.696078431372549,56.30134696969697,40
12h,96,0.7647058823529411,44.10371326340327,40
24h,160,0.803921568627451,55.69818752182915,40
6h,26,0.8725490196078431,23.967840000000002,132
12h,51,0.875,16.075408484848488,132
24h,123,0.8492647058823529,7.03549182831661,132
48h,246,0.8492647058823529,121.49942956694606,132
6h,41,0.7990196078431373,87.17534722222221,67
12h,81,0.8014705882352942,82.87489308712122,67
24h,187,0.7708333333333334,44.91307478864735,67
48h,372,0.7720588235294118,61.56702147209493,67
6h,60,0.7058823529411765,22.472074444444445,23
12h,104,0.7450980392156863,44.447036161616175,23
6h,62,0.696078431372549,62.491362499999994,35
12h,102,0.75,50.27315852272727,35
24h,187,0.7708333333333334,30.303689644268776,35
6h,39,0.8088235294117647,108.96955833333334,129
12h,82,0.7990196078431373,92.56988579545455,129
24h,174,0.7867647058823529,79.45486500197629,129
48h,352,0.7843137254901961,62.55075223023753,129
6h,68,0.6666666666666666,42.608197435897424,96
12h,111,0.7279411764705882,40.48682618274582,96
24h,117,0.8566176470588235,46.48432826399791,96
48h,220,0.8651960784313726,122.30786875163528,96
6h,37,0.8186274509803921,66.35833333333333,55
12h,74,0.8186274509803921,44.470917099567096,55
24h,180,0.7794117647058824,20.28688609458429,55
6h,36,0.8235294117647058,36.08974761904762,100
12h,81,0.8014705882352942,23.794211255411255,100
24h,120,0.8529411764705882,20.216549849624062,100
48h,259,0.8412990196078431,34.13905361771562,100
6h,43,0.7892156862745098,13.809702380952382,105
12h,81,0.8014705882352942,11.760055086580087,105
24h,169,0.7928921568627451,32.493283758270714,105
48h,353,0.7837009803921569,39.69133277156812,105
6h,52,0.7450980392156863,32.770265151515154,16
6h,39,0.8088235294117647,35.98667333333333,61
12h,82,0.7990196078431373,186.92200286195285,61
24h,180,0.7794117647058824,149.58302679434092,61
48h,362,0.7781862745098039,104.81883596428764,61
6h,69,0.6617647058823529,36.372758627450985,17
6h,41,0.7990196078431373,267.9111111111111,50
12h,95,0.7671568627450981,105.65612636363635,50
24h,176,0.7843137254901961,88.67600710144929,50
6h,37,0.8186274509803921,198.5969894444445,24
12h,70,0.8284313725490197,164.50021645021647,24
6h,41,0.7990196078431373,55.4184,28
12h,80,0.803921568627451,99.93771477272728,28
6h,49,0.7598039215686274,20.48269722222222,240
12h,80,0.803921568627451,19.829168888888887,240
24h,105,0.8713235294117647,16.186177350940376,240
48h,255,0.84375,33.22184967578527,240
6h,44,0.7843137254901961,14.962399999999999,153
12h,87,0.7867647058823529,12.471063085399448,153
24h,194,0.7622549019607843,13.093662367149758,153
48h,375,0.7702205882352942,50.00809045679837,153
6h,33,0.8382352941176471,39.675466666666665,20
6h,45,0.7794117647058824,31.52064166666667,86
12h,83,0.7965686274509803,68.79995545454544,86
24h,178,0.7818627450980392,55.92767547073217,86
48h,365,0.7763480392156863,84.83940526451174,86
6h,46,0.7745098039215687,73.25602916666668,38
12h,68,0.8333333333333334,49.27714618055556,38
24h,145,0.8223039215686274,20.36426913607548,38
6h,38,0.8137254901960784,100.04027777777777,130
12h,77,0.8112745098039216,46.44823219696969,130
24h,176,0.7843137254901961,58.23855616353755,130
48h,372,0.7720588235294118,35.18794154445851,130
6h,16,0.9215686274509803,24.615166666666667,30
12h,44,0.8921568627450981,45.91113333333333,30
6h,74,0.6372549019607843,72.33508571428571,21
6h,65,0.6813725490196079,31.39516541666667,117
12h,131,0.678921568627451,143.40854268547545,117
24h,257,0.6850490196078431,410.7898075000649,117
48h,491,0.6991421568627451,15620.001154897389,117
6h,53,0.7401960784313726,49.31426388888889,90
12h,92,0.7745098039215687,60.85768080808081,90
24h,204,0.75,54.790075920031065,90
48h,401,0.7542892156862745,169.99404399819448,90
6h,28,0.8627450980392157,99.31333333333335,27
12h,63,0.8455882352941176,59.841665927128425,27
6h,33,0.8382352941176471,8.676255555555556,94
12h,70,0.8284313725490197,81.08050735930736,94
24h,146,0.821078431372549,71.1091240589121,94
48h,323,0.8020833333333334,76.59382208844426,94
6h,51,0.75,11.45097142857143,91
12h,89,0.7818627450980392,10.102826948051947,91
24h,189,0.7683823529411765,16.573379280138344,91
48h,384,0.7647058823529411,44.533593645702034,91
6h,32,0.8431372549019608,19.64662722222222,48
12h,61,0.8504901960784313,80.03013828282828,48
24h,131,0.8394607843137255,98.34174363824582,48
6h,39,0.8088235294117647,10.830005555555555,29
12h,79,0.8063725490196079,12.16532436026936,29
6h,39,0.8088235294117647,16.67361111111111,65
12h,87,0.7867647058823529,232.75751271043768,65
24h,179,0.7806372549019608,80.66396908567776,65
48h,409,0.7493872549019608,231.00913980707904,65
6h,33,0.8382352941176471,32.64610238095238,29
12h,69,0.8308823529411765,45.5408454978355,29
6h,8,0.9607843137254902,1.6666666666665956e-05,33
12h,13,0.9681372549019608,1.6666666666665956e-05,33
6h,50,0.7549019607843137,24.7726,49
12h,102,0.75,46.86349354256855,49
24h,205,0.7487745098039216,53.31190881520725,49
6h,38,0.8137254901960784,13.644033333333335,17
6h,65,0.6813725490196079,9.697916666666668,67
12h,109,0.7328431372549019,27.435238755980865,67
24h,201,0.7536764705882353,24.595787258406368,67
48h,375,0.7702205882352942,24.062225595484914,67
6h,53,0.7401960784313726,11.78202222222222,22
12h,93,0.7720588235294118,39.80292197802198,22
6h,39,0.8088235294117647,24.883513333333333,104
12h,66,0.8382352941176471,16.53062479338843,104
24h,149,0.8174019607843137,19.79390527296502,104
48h,301,0.8155637254901961,31.562719299206293,104
6h,24,0.8823529411764706,28.116666666666667,70
12h,64,0.8431372549019608,23.59355212121212,70
24h,99,0.8786764705882353,61.67476412865498,70
48h,145,0.9111519607843137,38.948411807780325,70
6h,44,0.7843137254901961,23.0863625,79
12h,100,0.7549019607843137,22.673217739898988,79
24h,213,0.7389705882352942,75.52850744121876,79
48h,462,0.7169117647058824,61.2284596561988,79
6h,27,0.8676470588235294,14.7,19
6h,34,0.8333333333333334,19.693590952380955,17
6h,47,0.7696078431372549,30.337190476190475,129
12h,95,0.7671568627450981,27.04340235690236,129
24h,203,0.7512254901960784,21.54425843214756,129
48h,404,0.7524509803921569,2810.055972049996,129
6h,27,0.8676470588235294,19.059893333333335,106
12h,66,0.8382352941176471,103.17137727272727,106
24h,172,0.7892156862745098,45.02280984149538,106
48h,366,0.7757352941176471,347.6105267818034,106
6h,95,0.5343137254901961,308.0645319230769,87
12h,153,0.625,805.7342661054995,87
24h,231,0.7169117647058824,482.8095427159947,87
48h,480,0.7058823529411765,682.508084944233,87
6h,69,0.6617647058823529,13.471052631578948,60
12h,120,0.7058823529411765,24.032961760461767,60
24h,209,0.7438725490196079,44.71926411018093,60
48h,431,0.7359068627450981,124.11555651275545,60
6h,45,0.7794117647058824,82.08333333333333,59
12h,90,0.7794117647058824,66.6594070247934,59
24h,202,0.7524509803921569,59.92476519132762,59
48h,436,0.7328431372549019,122.6498944820573,59
6h,21,0.8970588235294118,7.733333333333334,178
12h,47,0.8848039215686274,29.857540404040407,178
24h,115,0.8590686274509803,22.3274151788067,178
48h,302,0.8149509803921569,133.36417385813732,178
6h,40,0.803921568627451,23.378672916666666,86
12h,79,0.8063725490196079,31.238280681818182,86
24h,183,0.7757352941176471,19.0861910701215,86
48h,386,0.7634803921568627,125.45281227208253,86
6h,31,0.8480392156862745,84.53872380952382,21
6h,46,0.7745098039215687,35.82758,109
12h,87,0.7867647058823529,25.655315702479342,109
24h,193,0.7634803921568627,16.959125681504485,109
48h,378,0.7683823529411765,116.74769198184794,109
6h,44,0.7843137254901961,38.85574074074074,18
6h,40,0.803921568627451,90.73115,64
12h,72,0.8235294117647058,59.73891458333334,64
24h,164,0.7990196078431373,58.79622886067984,64
48h,356,0.7818627450980392,156.54150535100368,64
6h,42,0.7941176470588235,275.9640095238095,127
12h,102,0.75,126.64272079889807,127
24h,177,0.7830882352941176,108.23831290159116,127
48h,361,0.7787990196078431,245.88328936917384,127
6h,47,0.7696078431372549,7.055561111111111,45
12h,77,0.8112745098039216,10.217060303030303,45
24h,134,0.8357843137254902,27.107933113354033,45
6h,45,0.7794117647058824,58.98746904761905,148
12h,82,0.7990196078431373,77.92696349206349,148
24h,166,0.7965686274509803,32.70253687253849,148
48h,320,0.803921568627451,29.634892668865703,148
6h,62,0.696078431372549,25.76770833333333,168
12h,104,0.7450980392156863,22.805171060606064,168
24h,203,0.7512254901960784,34.24431278921943,168
48h,404,0.7524509803921569,157.87791618451863,168
6h,58,0.7156862745098039,40.48655238095238,93
12h,107,0.7377450980392157,40.28831447811448,93
24h,222,0.7279411764705882,130.3648300770995,93
48h,423,0.7408088235294118,221.69565731549721,93
6h,36,0.8235294117647058,24.573075333333332,32
12h,66,0.8382352941176471,38.00518446969697,32
6h,31,0.8480392156862745,25.47776111111111,27
12h,80,0.803921568627451,97.61170090187592,27
6h,31,0.8480392156862745,8.760741666666666,176
12h,69,0.8308823529411765,34.38814274891775,176
24h,155,0.8100490196078431,19.030325596084126,176
48h,325,0.8008578431372549,174.30993925381867,176
6h,40,0.803921568627451,99.85625,88
12h,79,0.8063725490196079,88.3975803030303,88
24h,184,0.7745098039215687,24.908042990083906,88
48h,374,0.7708333333333334,39.6046101434886,88
6h,26,0.8725490196078431,37.77876083333334,73
12h,54,0.8676470588235294,94.10522545454545,73
24h,135,0.8345588235294118,77.1245984992589,73
48h,273,0.8327205882352942,69.63289454254873,73
6h,34,0.8333333333333334,13.467266666666669,85
12h,67,0.8357843137254902,17.923358008658006,85
24h,141,0.8272058823529411,23.39802508316245,85
48h,273,0.8327205882352942,11.379903063080897,85
6h,3,0.9852941176470589,,145
12h,16,0.9607843137254902,,145
24h,52,0.9362745098039216,26.673307142857148,145
48h,177,0.8915441176470589,36.82654598765433,145
6h,61,0.7009803921568627,21.099079166666662,38
12h,113,0.7230392156862745,39.275860674931124,38
24h,189,0.7683823529411765,77.75686444813749,38
6h,47,0.7696078431372549,41.536111111111104,75
12h,74,0.8186274509803921,21.581136363636364,75
24h,141,0.8272058823529411,11.002173655394524,75
48h,271,0.8339460784313726,10.734783654940324,75
6h,38,0.8137254901960784,269.1923225,17
6h,34,0.8333333333333334,10.208333333333332,16
6h,57,0.7205882352941176,4.512785416666667,136
12h,100,0.7549019607843137,56.61989178321679,136
24h,209,0.7438725490196079,101.75939492608696,136
48h,403,0.7530637254901961,160.42444090121427,136
6h,0,1.0,,125
12h,35,0.9142156862745098,80.46053833333333,125
24h,121,0.8517156862745098,69.46121400829563,125
48h,273,0.8327205882352942,57.220550380828996,125
6h,22,0.8921568627450981,19.791666666666664,39
12h,48,0.8823529411764706,38.514469696969705,39
24h,121,0.8517156862745098,45.59594850192079,39
6h,24,0.8823529411764706,16.35719166666667,50
12h,74,0.8186274509803921,106.89866882936508,50
24h,159,0.8051470588235294,671.859984130977,50
6h,16,0.9215686274509803,1.9443500000000002,127
12h,70,0.8284313725490197,23.700675641025644,127
24h,157,0.8075980392156863,29.85464241557734,127
48h,331,0.7971813725490197,117.11035517533278,127
6h,28,0.8627450980392157,17.529341666666667,54
12h,62,0.8480392156862745,15.182501984126983,54
24h,158,0.8063725490196079,57.309075891510474,54
6h,40,0.803921568627451,42.0545875,22
12h,93,0.7720588235294118,129.00878791035353,22
6h,24,0.8823529411764706,44.13454333333333,33
12h,63,0.8455882352941176,35.0921765993266,33
6h,29,0.8578431372549019,11.944744444444444,34
12h,56,0.8627450980392157,114.1588943722944,34
24h,128,0.8431372549019608,85.32694656314699,34
6h,49,0.7598039215686274,24.88191666666667,101
12h,104,0.7450980392156863,34.56016357808858,101
24h,217,0.7340686274509803,37.888377005693584,101
48h,460,0.7181372549019608,15.528760489989223,101
6h,40,0.803921568627451,66.12142857142858,218
12h,79,0.8063725490196079,62.68845643939394,218
24h,173,0.7879901960784313,74.81116711689168,218
48h,336,0.7941176470588235,298.88314865880517,218
6h,38,0.8137254901960784,18.974999999999998,16
6h,38,0.8137254901960784,33.01666666666667,44
12h,82,0.7990196078431373,31.55890871212122,44
24h,162,0.8014705882352942,29.757227889254384,44
6h,44,0.7843137254901961,18.625,20
6h,45,0.7794117647058824,21.611279999999997,28
12h,116,0.7156862745098039,11.504889567099568,28
6h,31,0.8480392156862745,25.619999999999997,46
12h,64,0.8431372549019608,43.297520328282836,46
24h,139,0.8296568627450981,84.39903340727595,46
6h,46,0.7745098039215687,8.467847916666667,78
12h,97,0.7622549019607843,34.83428982683983,78
24h,223,0.7267156862745098,24.575031213395604,78
48h,447,0.7261029411764706,541.7248962155727,78
6h,28,0.8627450980392157,24.923230555555552,31
12h,59,0.8553921568627451,21.28463051948052,31
6h,36,0.8235294117647058,97.82976190476191,268
12h,71,0.8259803921568627,72.80979551066217,268
24h,168,0.7941176470588235,47.15709906380784,268
48h,341,0.7910539215686274,36.55120738429887,268
6h,25,0.8774509803921569,82.10382777777778,209
12h,81,0.8014705882352942,134.94584587301588,209
24h,156,0.8088235294117647,114.2314662585034,209
48h,319,0.8045343137254902,82.28003804856962,209
6h,50,0.7549019607843137,2.6522757575757576,28
12h,118,0.7107843137254902,22.13394063636364,28
6h,59,0.7107843137254902,47.91973095238096,24
12h,100,0.7549019607843137,47.86624449035812,24
6h,55,0.7303921568627451,6.562878125,30
12h,78,0.8088235294117647,6.167471780303031,30
6h,39,0.8088235294117647,9.02652,85
12h,68,0.8333333333333334,31.18901919191919,85
24h,135,0.8345588235294118,1171.3820545972587,85
48h,282,0.8272058823529411,367.1945144941227,85
6h,38,0.8137254901960784,37.34166666666666,63
12h,75,0.8161764705882353,25.344545021645022,63
24h,172,0.7892156862745098,21.890448134057973,63
48h,294,0.8198529411764706,28.812930314171123,63
6h,37,0.8186274509803921,47.713123809523815,52
12h,82,0.7990196078431373,27.11193486111111,52
24h,163,0.8002450980392157,14.662037650117032,52
6h,31,0.8480392156862745,35.07786733333334,16
6h,41,0.7990196078431373,44.07777777777778,27
12h,100,0.7549019607843137,37.7715935261708,27
6h,29,0.8578431372549019,14.385021428571429,68
12h,74,0.8186274509803921,19.568753333333337,68
24h,139,0.8296568627450981,28.169031212121215,68
48h,282,0.8272058823529411,34.999901869205466,68
6h,44,0.7843137254901961,20.754322916666666,134
12h,87,0.7867647058823529,56.62639834710744,134
24h,185,0.7732843137254902,49.08532285303629,134
48h,350,0.7855392156862745,43.819316152830744,134
6h,34,0.8333333333333334,68.90666666666667,52
12h,74,0.8186274509803921,70.2376601010101,52
24h,156,0.8088235294117647,32.206985656291174,52
6h,31,0.8480392156862745,186.00407533333336,19
6h,47,0.7696078431372549,25.811111111111114,101
12h,87,0.7867647058823529,36.13249166666667,101
24h,184,0.7745098039215687,14.551489942593639,101
48h,367,0.7751225490196079,89.48468406153184,101
6h,28,0.8627450980392157,25.52773888888889,57
12h,48,0.8823529411764706,49.30471254208754,57
24h,135,0.8345588235294118,343.60505605400704,57
48h,271,0.8339460784313726,244.8150820431828,57
6h,40,0.803921568627451,81.33440952380953,32
12h,81,0.8014705882352942,74.9507337121212,32
6h,51,0.75,27.066024615384613,19
6h,71,0.6519607843137255,85.47687977777778,21
6h,39,0.8088235294117647,43.21948333333333,126
12h,77,0.8112745098039216,61.68616212121213,126
24h,174,0.7867647058823529,85.67174169981386,126
48h,349,0.7861519607843137,158.59446765738068,126
6h,60,0.7058823529411765,3.636283333333333,43
12h,100,0.7549019607843137,32.574275994318185,43
24h,185,0.7732843137254902,31.48415287362015,43
6h,25,0.8774509803921569,14.118750000000002,67
12h,59,0.8553921568627451,11.198033939393941,67
24h,124,0.8480392156862745,6.598688952062431,67
48h,240,0.8529411764705882,1652.5782059305795,67
6h,37,0.8186274509803921,30.781944444444445,43
12h,89,0.7818627450980392,26.279360173160175,43
24h,179,0.7806372549019608,21.62611190645586,43
6h,49,0.7598039215686274,65.92857142857143,154
12h,92,0.7745098039215687,47.80735196608947,154
24h,180,0.7794117647058824,223.5445724218469,154
48h,370,0.7732843137254902,130.96171055974926,154
6h,56,0.7254901960784313,115.21142564102564,26
12h,109,0.7328431372549019,90.95146040404039,26
6h,47,0.7696078431372549,7.160555555555554,16
6h,70,0.6568627450980392,12.756150222222224,18
6h,58,0.7156862745098039,17.830441666666665,46
12h,119,0.7083333333333334,18.05966307473228,46
24h,217,0.7340686274509803,14.11146983385521,46
6h,37,0.8186274509803921,28.064674999999998,46
12h,79,0.8063725490196079,30.67919382154882,46
24h,196,0.7598039215686274,30.043061105376776,46
6h,62,0.696078431372549,15.788496969696972,214
12h,116,0.7156862745098039,11.151534848484848,214
24h,198,0.7573529411764706,20.991123813198534,214
48h,385,0.7640931372549019,68.06332712297193,214
6h,58,0.7156862745098039,12.834097916666668,31
12h,94,0.7696078431372549,10.152838888888889,31
6h,56,0.7254901960784313,27.938095238095237,105
12h,105,0.7426470588235294,64.31375276292334,105
24h,209,0.7438725490196079,48.02386525966185,105
48h,378,0.7683823529411765,81.98539137285742,105
6h,31,0.8480392156862745,6.823024000000001,42
12h,70,0.8284313725490197,7.388267550505051,42
24h,146,0.821078431372549,12.539738971571905,42
6h,31,0.8480392156862745,62.48865333333333,95
12h,75,0.8161764705882353,106.95324343434343,95
24h,125,0.8468137254901961,160.98016388604088,95
48h,256,0.8431372549019608,42.7864988938203,95
6h,52,0.7450980392156863,17.222847222222224,17
6h,58,0.7156862745098039,19.72142857142857,117
12h,115,0.7181372549019608,26.4753725,117
24h,234,0.7132352941176471,3222.6646646239024,117
48h,504,0.6911764705882353,8919.449076225195,117
6h,44,0.7843137254901961,12.561250000000001,92
12h,111,0.7279411764705882,15.388284393939392,92
24h,218,0.7328431372549019,26.606583636128363,92
48h,409,0.7493872549019608,26.3041448566406,92
6h,24,0.8823529411764706,26.994693333333338,156
12h,51,0.875,32.64534841269842,156
24h,117,0.8566176470588235,30.730892753623188,156
48h,257,0.8425245098039216,91.04018460925614,156
6h,25,0.8774509803921569,75.45,77
12h,54,0.8676470588235294,48.02121212121211,77
24h,127,0.8443627450980392,42.97960095049877,77
48h,294,0.8198529411764706,62.13307118502065,77
6h,48,0.7647058823529411,42.18563571428571,117
12h,88,0.7843137254901961,29.067532196969694,117
24h,185,0.7732843137254902,10.476753061949418,117
48h,352,0.7843137254901961,24.823415500621124,117
6h,65,0.6813725490196079,24.287626190476185,17
6h,38,0.8137254901960784,12.909002222222222,40
12h,73,0.821078431372549,15.139236439393935,40
24h,159,0.8051470588235294,19.470358485789568,40
6h,47,0.7696078431372549,3.0815407407407402,63
12h,113,0.7230392156862745,8.472373674242425,63
24h,192,0.7647058823529411,20.4696753421338,63
48h,315,0.8069852941176471,105.86486847799353,63
6h,20,0.9019607843137255,23.37160714285714,33
12h,58,0.8578431372549019,14.805622222222222,33
6h,45,0.7794117647058824,10.797613333333334,16
6h,26,0.8725490196078431,9.903197333333331,23
12h,69,0.8308823529411765,568.7061648268399,23
6h,48,0.7647058823529411,269.9436742857142,25
12h,88,0.7843137254901961,361.5224921212121,25
6h,33,0.8382352941176471,144.3877138888889,157
12h,59,0.8553921568627451,112.47057848484849,157
24h,140,0.8284313725490197,80.26628075391596,157
48h,301,0.8155637254901961,42.36667978668559,157
6h,31,0.8480392156862745,69.47222222222221,107
12h,50,0.8774509803921569,48.591816666666666,107
24h,118,0.8553921568627451,49.65273562271063,107
48h,297,0.8180147058823529,45.53037285934508,107
6h,82,0.5980392156862745,11.152089492753623,21
6h,75,0.6323529411764706,12.101093650793652,31
12h,170,0.5833333333333334,1607.1403295559037,31
6h,32,0.8431372549019608,118.22500000000001,169
12h,72,0.8235294117647058,66.06684053030304,169
24h,176,0.7843137254901961,68.64732608353438,169
48h,368,0.7745098039215687,52.262558358624496,169
6h,38,0.8137254901960784,23.690878333333334,29
12h,90,0.7794117647058824,96.89945606060608,29
6h,29,0.8578431372549019,44.325,26
12h,55,0.8651960784313726,20.26625272727272,26
6h,67,0.6715686274509803,7.309595370370371,120
12h,118,0.7107843137254902,6.612070398724082,120
24h,211,0.741421568627451,12.482802520860782,120
48h,412,0.7475490196078431,34.24048953234027,120
6h,38,0.8137254901960784,9.35928611111111,36
12h,90,0.7794117647058824,8.275276452020202,36
24h,181,0.7781862745098039,49.716308912909035,36
6h,36,0.8235294117647058,33.04582666666666,30
12h,82,0.7990196078431373,25.650247943722942,30
6h,48,0.7647058823529411,100.1819212121212,55
12h,72,0.8235294117647058,62.24991666666666,55
24h,154,0.8112745098039216,53.54861249506635,55
6h,30,0.8529411764705882,30.262222916666666,57
12h,50,0.8774509803921569,72.06597797619048,57
24h,117,0.8566176470588235,46.854433886446884,57
6h,72,0.6470588235294118,11.005465833333334,23
12h,143,0.6495098039215687,1527.0001487608226,23
6h,17,0.9166666666666666,30.585866666666664,27
12h,54,0.8676470588235294,92.99881746031747,27
6h,63,0.6911764705882353,5.222534722222223,47
12h,107,0.7377450980392157,9.95862,47
24h,211,0.741421568627451,252.4059848624961,47
6h,49,0.7598039215686274,34.35,17
6h,52,0.7450980392156863,166.60287523809527,62
12h,98,0.7598039215686274,286.24886414438504,62
24h,194,0.7622549019607843,203.46274386740856,62
48h,358,0.7806372549019608,145.7868755574387,62
6h,63,0.6911764705882353,74.45178571428572,19
6h,50,0.7549019607843137,18.357400000000002,214
12h,85,0.7916666666666666,45.05255099567099,214
24h,152,0.8137254901960784,1518.967444795784,214
48h,313,0.8082107843137255,485.2999776440009,214
6h,38,0.8137254901960784,54.57916666666667,74
12h,78,0.8088235294117647,26.500929166666666,74
24h,183,0.7757352941176471,26.268514060406773,74
48h,347,0.7873774509803921,55.16724889429175,74
6h,38,0.8137254901960784,18.001388888888886,99
12h,92,0.7745098039215687,21.68757878787879,99
24h,163,0.8002450980392157,48.70500794960474,99
48h,348,0.7867647058823529,83.06912868998835,99
6h,45,0.7794117647058824,22.173191666666668,113
12h,93,0.7720588235294118,41.323787373737375,113
24h,208,0.7450980392156863,36.565582775420765,113
48h,428,0.7377450980392157,43.34097753244367,113
6h,38,0.8137254901960784,17.757399999999997,175
12h,77,0.8112745098039216,18.936583658008658,175
24h,193,0.7634803921568627,13.735724905797099,175
48h,422,0.741421568627451,64.91094340150919,175
6h,38,0.8137254901960784,36.9606,181
12h,76,0.8137254901960784,90.85548658008658,181
24h,174,0.7867647058823529,90.68294714696371,181
48h,356,0.7818627450980392,102.91099053442029,181
6h,29,0.8578431372549019,6.756666666666666,58
12h,59,0.8553921568627451,9.932449494949495,58
24h,140,0.8284313725490197,13.577553847973974,58
48h,296,0.8186274509803921,437.53742061460196,58
6h,32,0.8431372549019608,39.669691666666665,37
12h,52,0.8725490196078431,19.307277380952378,37
24h,99,0.8786764705882353,27.26443966572643,37
6h,25,0.8774509803921569,15.443616666666665,18
6h,34,0.8333333333333334,31.46388888888889,23
12h,75,0.8161764705882353,41.583439754689756,23
6h,45,0.7794117647058824,50.60138095238095,38
12h,94,0.7696078431372549,74.7203432506887,38
24h,211,0.741421568627451,78.6614552245503,38
6h,26,0.8725490196078431,24.424999999999997,31
12h,77,0.8112745098039216,22.7265303030303,31
6h,50,0.7549019607843137,35.861923809523816,66
12h,86,0.7892156862745098,55.41595005411256,66
24h,164,0.7990196078431373,46.60322926444074,66
48h,314,0.8075980392156863,47.848775637363346,66
6h,62,0.696078431372549,6.938570833333333,57
12h,109,0.7328431372549019,102.51104120370371,57
24h,198,0.7573529411764706,98.39926142947704,57
6h,38,0.8137254901960784,17.992708333333333,18
6h,43,0.7892156862745098,30.560556249999998,77
12h,101,0.7524509803921569,25.474684149184153,77
24h,180,0.7794117647058824,32.263523307272436,77
48h,401,0.7542892156862745,74.83330250448904,77
6h,31,0.8480392156862745,73.88,145
12h,62,0.8480392156862745,57.15176046176047,145
24h,135,0.8345588235294118,45.79191218088816,145
48h,281,0.8278186274509803,39.493474756584156,145
6h,38,0.8137254901960784,16.25744523809524,46
12h,86,0.7892156862745098,31.757354834054834,46
24h,164,0.7990196078431373,30.664230408902696,46
6h,57,0.7205882352941176,100.48510833333333,48
12h,106,0.7401960784313726,60.5108818627451,48
24h,191,0.7659313725490197,163.26223501164594,48
6h,55,0.7303921568627451,25.97738846153846,150
12h,100,0.7549019607843137,19.049648295454546,150
24h,208,0.7450980392156863,1264.7865107065218,150
48h,418,0.7438725490196079,618.3170816032392,150
6h,38,0.8137254901960784,11.732843589743592,43
12h,80,0.803921568627451,40.232715575396824,43
24h,202,0.7524509803921569,34.322410586883876,43
6h,44,0.7843137254901961,19.35721333333333,17
6h,54,0.7352941176470589,6.8266375,33
12h,93,0.7720588235294118,8.40209692982456,33
6h,70,0.6568627450980392,70.328784375,18
6h,56,0.7254901960784313,21.994375,16
6h,29,0.8578431372549019,29.95974444444445,54
12h,65,0.8406862745098039,16.893052164502166,54
24h,145,0.8223039215686274,20.26387458498024,54
6h,61,0.7009803921568627,15.711111111111112,154
12h,104,0.7450980392156863,38.50325537190083,154
24h,196,0.7598039215686274,52.023554119651486,154
48h,393,0.7591911764705882,22.47903574558393,154
6h,26,0.8725490196078431,72.24572,39
12h,48,0.8823529411764706,95.50694345454545,39
24h,118,0.8553921568627451,58.245550740053595,39
6h,41,0.7990196078431373,15.1821,67
12h,103,0.7475490196078431,15.301126599326599,67
24h,204,0.75,82.86771289446185,67
48h,408,0.75,577.6385445814824,67
6h,33,0.8382352941176471,207.8848961111111,26
12h,81,0.8014705882352942,92.27637445887446,26
6h,37,0.8186274509803921,12.062222727272728,20
6h,43,0.7892156862745098,77.00615,72
12h,98,0.7598039215686274,50.02823154269972,72
24h,191,0.7659313725490197,117.18779142004627,72
48h,405,0.7518382352941176,116.00815321188537,72
6h,40,0.803921568627451,23.837876666666666,18
6h,49,0.7598039215686274,137.18214285714285,96
12h,106,0.7401960784313726,21.52078106060606,96
24h,202,0.7524509803921569,23.58778486010524,96
48h,409,0.7493872549019608,37.1638428666654,96
6h,31,0.8480392156862745,10.641275333333333,49
12h,56,0.8627450980392157,93.79605781818182,49
24h,164,0.7990196078431373,179.35689684402553,49
6h,32,0.8431372549019608,11.955,21
6h,43,0.7892156862745098,45.06269708333333,84
12h,81,0.8014705882352942,47.43507642045454,84
24h,167,0.7953431372549019,76.53310807218143,84
48h,319,0.8045343137254902,117.12085395166494,84
6h,59,0.7107843137254902,42.263718749999995,45
12h,124,0.696078431372549,567.2955827272729,45
24h,250,0.6936274509803921,192.8834674649902,45
6h,35,0.8284313725490197,38.23147333333333,17
6h,51,0.75,8.66684761904762,17
6h,51,0.75,99.53404166666667,131
12h,95,0.7671568627450981,137.3952178030303,131
24h,200,0.7549019607843137,139.5888114241797,131
48h,400,0.7549019607843137,67.7089646929192,131
6h,58,0.7156862745098039,24.456874999999997,40
12h,110,0.7303921568627451,40.831811655844156,40
24h,234,0.7132352941176471,145.69813558229814,40
6h,48,0.7647058823529411,50.188520000000004,119
12h,82,0.7990196078431373,27.790184343434344,119
24h,151,0.8149509803921569,24.037719788182834,119
48h,298,0.8174019607843137,33.28688161509689,119
6h,54,0.7352941176470589,46.82145833333334,175
12h,110,0.7303921568627451,245.62931344211344,175
24h,212,0.7401960784313726,123.14233272610011,175
48h,417,0.7444852941176471,274.5133856862428,175
6h,58,0.7156862745098039,32.02023809523809,51
12h,97,0.7622549019607843,47.00309128787879,51
24h,185,0.7732843137254902,33.16462869369761,51
6h,30,0.8529411764705882,57.15333333333333,17
6h,59,0.7107843137254902,42.09761904761905,88
12h,98,0.7598039215686274,23.436879545454545,88
24h,168,0.7941176470588235,19.864836756383713,88
48h,305,0.8131127450980392,39.28980623689986,88
6h,44,0.7843137254901961,44.86190476190477,131
12h,84,0.7941176470588235,64.4156787878788,131
24h,190,0.7671568627450981,45.50402722190852,131
48h,391,0.7604166666666666,43.47183415145696,131
6h,40,0.803921568627451,148.45999999999998,16
6h,48,0.7647058823529411,47.44144761904762,108
12h,87,0.7867647058823529,54.19376628787879,108
24h,179,0.7806372549019608,156.13684498798727,108
48h,372,0.7720588235294118,216.16353911685658,108
6h,51,0.75,21.354211666666668,22
12h,84,0.7941176470588235,40.005822510822505,22
6h,48,0.7647058823529411,76.15626047619048,29
12h,85,0.7916666666666666,58.01673885281385,29
6h,34,0.8333333333333334,94.41898666666665,16
6h,40,0.803921568627451,11.420139583333334,70
12h,95,0.7671568627450981,43.8591228219697,70
24h,179,0.7806372549019608,31.639504396135266,70
48h,350,0.7855392156862745,96.16938564313345,70
6h,65,0.6813725490196079,29.777867777777782,24
12h,132,0.6764705882352942,27.43209453315624,24
6h,28,0.8627450980392157,20.42801888888889,29
12h,58,0.8578431372549019,29.46040621212121,29
6h,25,0.8774509803921569,38.631666666666675,140
12h,68,0.8333333333333334,25.77219070247934,140
24h,149,0.8174019607843137,45.29520705367786,140
48h,313,0.8082107843137255,43.12154914389871,140
6h,35,0.8284313725490197,80.95156,21
12h,69,0.8308823529411765,21.18006753246753,21
6h,31,0.8480392156862745,33.25878733333333,22
12h,74,0.8186274509803921,39.8656,22
6h,45,0.7794117647058824,60.53344166666666,136
12h,95,0.7671568627450981,42.48146891414141,136
24h,210,0.7426470588235294,76.69349260979358,136
48h,438,0.7316176470588235,56.196709946157505,136
6h,55,0.7303921568627451,27.082619047619044,40
12h,98,0.7598039215686274,264.4482215007215,40
24h,195,0.7610294117647058,29913.093842962644,40
6h,58,0.7156862745098039,7.171904761904762,37
12h,125,0.6936274509803921,11.205285363636362,37
24h,203,0.7512254901960784,86.17587725940726,37
6h,38,0.8137254901960784,73.00555555555555,57
12h,81,0.8014705882352942,70.92395395622897,57
24h,188,0.7696078431372549,26.595197141706922,57
6h,68,0.6666666666666666,1.5503259259259259,38
12h,111,0.7279411764705882,5.900575279106858,38
24h,253,0.6899509803921569,8.064122344493938,38
6h,37,0.8186274509803921,54.71255666666667,22
12h,78,0.8088235294117647,18.155702272727268,22
6h,58,0.7156862745098039,33.88827380952381,114
12h,95,0.7671568627450981,22.550990909090906,114
24h,198,0.7573529411764706,60.83802366459627,114
48h,413,0.7469362745098039,190.36583333801116,114
6h,38,0.8137254901960784,15.145833333333334,96
12h,81,0.8014705882352942,65.96999659090909,96
24h,171,0.7904411764705882,44.81699257224989,96
48h,355,0.7824754901960784,39.50486322317779,96
6h,34,0.8333333333333334,4.193828571428571,45
12h,68,0.8333333333333334,7.017603852813854,45
24h,156,0.8088235294117647,6.750471955139515,45
6h,24,0.8823529411764706,104.649494,17
6h,54,0.7352941176470589,23.223095238095237,29
12h,118,0.7107843137254902,111.06995045787546,29
6h,38,0.8137254901960784,27.61111111111111,106
12h,97,0.7622549019607843,94.22794276859504,106
24h,195,0.7610294117647058,201.764470361101,106
48h,377,0.7689950980392157,190.0482175252345,106
6h,42,0.7941176470588235,79.03090277777778,39
12h,64,0.8431372549019608,40.26092083333334,39
24h,168,0.7941176470588235,32.98141916666666,39
6h,27,0.8676470588235294,30.68,34
12h,62,0.8480392156862745,16.32275670995671,34
24h,166,0.7965686274509803,12.658857398922677,34
6h,40,0.803921568627451,59.68596458333333,30
12h,82,0.7990196078431373,128.6181199810606,30
6h,22,0.8921568627450981,11.58,75
12h,61,0.8504901960784313,34.48522666666667,75
24h,106,0.8700980392156863,22.42049749955918,75
48h,215,0.8682598039215687,14.375480060655994,75
6h,66,0.6764705882352942,8.635748148148148,32
12h,149,0.6348039215686274,12.78605877622378,32
6h,38,0.8137254901960784,42.165476190476184,58
12h,75,0.8161764705882353,40.835508658008656,58
24h,177,0.7830882352941176,21.140785890878092,58
48h,400,0.7549019607843137,36.49598439206536,58
6h,65,0.6813725490196079,18.64801794871795,24
12h,138,0.6617647058823529,45.00773221814418,24
6h,49,0.7598039215686274,18.04404761904762,96
12h,99,0.7573529411764706,14.740322261072262,96
24h,206,0.7475490196078431,26.53683076876626,96
48h,447,0.7261029411764706,49.92145576848581,96
6h,36,0.8235294117647058,165.79185333333334,21
6h,46,0.7745098039215687,22.601481481481482,26
12h,82,0.7990196078431373,15.974334457671958,26
6h,60,0.7058823529411765,68.47147638888889,57
12h,113,0.7230392156862745,77.48640606060607,57
24h,234,0.7132352941176471,41.22567703545549,57
6h,51,0.75,52.444407407407404,209
12h,98,0.7598039215686274,33.52291789876789,209
24h,212,0.7401960784313726,67.8071542441803,209
48h,424,0.7401960784313726,59.62692971832615,209
6h,38,0.8137254901960784,24.12777777777778,246
12h,78,0.8088235294117647,26.58495416666667,246
24h,172,0.7892156862745098,36.20221889492754,246
48h,356,0.7818627450980392,198.1587753754496,246
6h,39,0.8088235294117647,30.599099444444445,73
12h,85,0.7916666666666666,37.59913841314935,73
24h,162,0.8014705882352942,29.171365112309513,73
48h,301,0.8155637254901961,35.085170527934295,73
6h,32,0.8431372549019608,10.987778571428573,55
12h,63,0.8455882352941176,9.169709523809525,55
24h,146,0.821078431372549,45.62064156462585,55
6h,60,0.7058823529411765,2.311111111111111,47
12h,100,0.7549019607843137,24.81822916666667,47
24h,211,0.741421568627451,50.218920072177355,47
6h,32,0.8431372549019608,8.391666666666667,183
12h,72,0.8235294117647058,16.989572727272726,183
24h,157,0.8075980392156863,31.316545555555553,183
48h,326,0.8002450980392157,148.03543863517567,183
6h,42,0.7941176470588235,21.56893333333333,76
12h,102,0.75,28.815825895316802,76
24h,198,0.7573529411764706,43.197365591654716,76
48h,416,0.7450980392156863,28.044942688508044,76
6h,55,0.7303921568627451,7.9544137500000005,19
6h,40,0.803921568627451,33.85536458333334,110
12h,78,0.8088235294117647,31.975776893939393,110
24h,165,0.7977941176470589,39.1492031279409,110
48h,358,0.7806372549019608,31.055987506696635,110
6h,50,0.7549019607843137,198.03472222222226,178
12h,89,0.7818627450980392,92.42496262626261,178
24h,185,0.7732843137254902,517.541473510467,178
48h,357,0.78125,474.4134651595745,178
6h,40,0.803921568627451,40.27156666666667,104
12h,89,0.7818627450980392,155.11805757575758,104
24h,169,0.7928921568627451,115.42855710276679,104
48h,343,0.789828431372549,275.53549110309854,104
6h,47,0.7696078431372549,65.18888888888888,80
12h,75,0.8161764705882353,54.88870606060606,80
24h,141,0.8272058823529411,25.88999084848485,80
48h,287,0.8241421568627451,10283.908328941816,80
6h,54,0.7352941176470589,20.368472916666665,65
12h,101,0.7524509803921569,24.05326274509804,65
24h,188,0.7696078431372549,46.08014925905013,65
48h,364,0.7769607843137255,228.57782453642605,65
6h,36,0.8235294117647058,12.70666888888889,55
12h,83,0.7965686274509803,32.73657781385281,55
24h,158,0.8063725490196079,31.36466904664855,55
6h,47,0.7696078431372549,83.46818181818182,53
12h,89,0.7818627450980392,58.75851585081584,53
24h,191,0.7659313725490197,22.860365939547936,53
6h,45,0.7794117647058824,22.413333333333334,29
12h,81,0.8014705882352942,16.553176666666666,29
6h,67,0.6715686274509803,16.657870370370368,87
12h,104,0.7450980392156863,16.5959005050505,87
24h,207,0.7463235294117647,200.82121833741135,87
48h,417,0.7444852941176471,203.9728485878021,87
6h,59,0.7107843137254902,35.93544166666666,109
12h,67,0.8357843137254902,21.030355555555555,109
24h,148,0.8186274509803921,46.42184213333333,109
48h,321,0.8033088235294118,45.40931283822843,109
6h,75,0.6323529411764706,8.981,20
6h,41,0.7990196078431373,46.80388958333333,46
12h,83,0.7965686274509803,43.62674696969697,46
24h,184,0.7745098039215687,43.100493768115946,46
6h,51,0.75,12.572311111111112,55
12h,117,0.7132352941176471,11.755882083333333,55
24h,237,0.7095588235294118,25.22088799271381,55
6h,46,0.7745098039215687,8.177881944444444,59
12h,77,0.8112745098039216,8.796542676767677,59
24h,145,0.8223039215686274,130.96122693007027,59
48h,299,0.8167892156862745,130.30114607744568,59
6h,65,0.6813725490196079,13.661580303030302,65
12h,121,0.7034313725490197,78.7890027462121,65
24h,224,0.7254901960784313,98.7734568115942,65
48h,461,0.7175245098039216,47.28149459041394,65
6h,23,0.8872549019607843,37.363615277777775,49
12h,70,0.8284313725490197,23.05400541666667,49
24h,137,0.8321078431372549,20.92704426166426,49
6h,44,0.7843137254901961,68.7124074074074,42
12h,101,0.7524509803921569,50.56316176046175,42
24h,173,0.7879901960784313,127.49587847186149,42
6h,40,0.803921568627451,17.151318571428572,16
6h,59,0.7107843137254902,56.41673076923077,56
12h,139,0.6593137254901961,29.8134,56
24h,274,0.6642156862745098,22.224089874389367,56
6h,47,0.7696078431372549,160.33311333333333,76
12h,79,0.8063725490196079,97.13674101731603,76
24h,146,0.821078431372549,111.74195058229814,76
48h,276,0.8308823529411765,96.0361011523085,76
6h,68,0.6666666666666666,11.937502564102564,73
12h,143,0.6495098039215687,6.452896925779536,73
24h,308,0.6225490196078431,32.66749801360033,73
48h,605,0.6292892156862745,113.78082379536696,73
6h,58,0.7156862745098039,48.25104666666667,76
12h,103,0.7475490196078431,73.28971975524476,76
24h,200,0.7549019607843137,72.80978978049728,76
48h,356,0.7818627450980392,51.165411663156,76
6h,6,0.9705882352941176,202.0,67
12h,38,0.9068627450980392,42.54565119047619,67
24h,101,0.8762254901960784,27.648225945419103,67
48h,223,0.8633578431372549,52.622510203863555,67
6h,48,0.7647058823529411,21.799471428571426,57
12h,82,0.7990196078431373,14.61438215909091,57
24h,174,0.7867647058823529,43.8810859963269,57
48h,346,0.7879901960784313,116.99007478224047,57
6h,61,0.7009803921568627,118.21095769230769,46
12h,123,0.6985294117647058,255.49225330303034,46
24h,210,0.7426470588235294,399.60975428544623,46
6h,69,0.6617647058823529,9.213101851851851,19
6h,38,0.8137254901960784,52.334780952380946,200
12h,75,0.8161764705882353,51.25553073593073,200
24h,172,0.7892156862745098,39.93223658514493,200
48h,329,0.7984068627450981,56.032685082240064,200
6h,47,0.7696078431372549,7.482378333333334,35
12h,86,0.7892156862745098,13.59787668560606,35
24h,173,0.7879901960784313,18.385489551918333,35
6h,57,0.7205882352941176,6.738111666666666,51
12h,116,0.7156862745098039,10.040051082251084,51
24h,226,0.7230392156862745,3682.9737061394558,51
6h,26,0.8725490196078431,32.42166666666667,73
12h,53,0.8700980392156863,32.84811666666667,73
24h,132,0.8382352941176471,15.169258654576458,73
48h,280,0.8284313725490197,92.67588206849027,73
6h,30,0.8529411764705882,81.51888888888888,60
12h,99,0.7573529411764706,31.128332331821618,60
24h,234,0.7132352941176471,47.957010861427335,60
48h,469,0.7126225490196079,16007.468374852388,60
6h,38,0.8137254901960784,306.183615,22
12h,81,0.8014705882352942,248.9045263888889,22
6h,33,0.8382352941176471,177.78281208333334,16
6h,41,0.7990196078431373,9.080926666666665,30
12h,85,0.7916666666666666,6.1229618457300266,30
6h,54,0.7352941176470589,148.54999999999998,165
12h,91,0.7769607843137255,86.41675454545455,165
24h,176,0.7843137254901961,50.790034704755065,165
48h,343,0.789828431372549,63.21400393231971,165
6h,46,0.7745098039215687,87.81012407407407,30
12h,101,0.7524509803921569,168.67680466570468,30
6h,33,0.8382352941176471,25.39261277777778,42
12h,66,0.8382352941176471,25.758724797979795,42
24h,144,0.8235294117647058,26.49349954278813,42
6h,43,0.7892156862745098,3.266666666666667,90
12h,77,0.8112745098039216,23.611506926406925,90
24h,176,0.7843137254901961,22.54711973025449,90
48h,358,0.7806372549019608,930.7734490067011,90
6h,39,0.8088235294117647,28.604538888888886,23
12h,95,0.7671568627450981,27.455921742424245,23
6h,33,0.8382352941176471,9.916075,30
12h,76,0.8137254901960784,8.960068398268398,30
6h,43,0.7892156862745098,54.922038888888885,34
12h,75,0.8161764705882353,79.10442372294372,34
24h,159,0.8051470588235294,31.30167330361477,34
6h,39,0.8088235294117647,25.186111111111114,58
12h,77,0.8112745098039216,26.787952272727274,58
24h,174,0.7867647058823529,16.70070578612209,58
48h,336,0.7941176470588235,84.16489103963889,58
6h,37,0.8186274509803921,11.406944444444443,22
12h,81,0.8014705882352942,26.67233203463204,22
6h,56,0.7254901960784313,245.99311470588236,48
12h,119,0.7083333333333334,222.83334615384612,48
24h,189,0.7683823529411765,234.96818272085943,48
6h,44,0.7843137254901961,38.46044761904761,74
12h,97,0.7622549019607843,24.026799494949497,74
24h,189,0.7683823529411765,20.35696965493444,74
48h,339,0.7922794117647058,70.54133263816279,74
6h,71,0.6519607843137255,8.480376666666668,38
12h,117,0.7132352941176471,16.413508827404478,38
24h,245,0.6997549019607843,62.65250627895727,38
6h,57,0.7205882352941176,18.545238095238094,134
12h,96,0.7647058823529411,15.595175757575756,134
24h,187,0.7708333333333334,44.25944924403763,134
48h,369,0.7738970588235294,49.8750142975871,134
6h,27,0.8676470588235294,50.239506666666664,19
6h,60,0.7058823529411765,3.5948611111111113,118
12h,129,0.6838235294117647,14.836267757575758,118
24h,258,0.6838235294117647,11.432449666149068,118
48h,518,0.6825980392156863,34.42504387904181,118
6h,46,0.7745098039215687,47.80025714285715,31
12h,90,0.7794117647058824,26.76644621212121,31
6h,44,0.7843137254901961,33.482393333333334,27
12h,100,0.7549019607843137,26.61802353896104,27
6h,53,0.7401960784313726,19.82226666666667,16
6h,27,0.8676470588235294,42.466966666666664,101
12h,84,0.7941176470588235,9.841020012626261,101
24h,152,0.8137254901960784,67.63349942035111,101
48h,314,0.8075980392156863,116.21550583160725,101
6h,46,0.7745098039215687,16.212283333333332,22
12h,74,0.8186274509803921,15.940141212121214,22
6h,61,0.7009803921568627,343.86817916666655,47
12h,100,0.7549019607843137,177.34060928030303,47
24h,180,0.7794117647058824,95.92286788819875,47
6h,44,0.7843137254901961,57.344444444444456,76
12h,85,0.7916666666666666,60.49909335016835,76
24h,187,0.7708333333333334,45.752908959941024,76
48h,370,0.7732843137254902,48.44201826093249,76
6h,60,0.7058823529411765,525.7097777777777,23
12h,94,0.7696078431372549,419.879331635908,23
6h,39,0.8088235294117647,42.33809523809524,101
12h,78,0.8088235294117647,80.39925189393941,101
24h,211,0.741421568627451,32.67233097826087,101
48h,404,0.7524509803921569,32.183870690446774,101
6h,45,0.7794117647058824,32.738416666666666,169
12h,84,0.7941176470588235,48.641660757575764,169
24h,176,0.7843137254901961,356.22003995074977,169
48h,374,0.7708333333333334,72.72952725400255,169
6h,48,0.7647058823529411,87.82916666666668,40
12h,91,0.7769607843137255,77.82117727272728,40
24h,188,0.7696078431372549,109.30559147872587,40
6h,56,0.7254901960784313,44.22380952380952,73
12h,97,0.7622549019607843,57.586908677685955,73
24h,198,0.7573529411764706,27.800117191304352,73
48h,390,0.7610294117647058,43.461814405098444,73
6h,53,0.7401960784313726,24.398134848484855,173
12h,109,0.7328431372549019,15.6433085040885,173
24h,190,0.7671568627450981,18.82583107698223,173
48h,348,0.7867647058823529,91.71795956475259,173
6h,40,0.803921568627451,17.385572916666668,23
12h,101,0.7524509803921569,39.2132978219697,23
6h,27,0.8676470588235294,171.195334,22
12h,66,0.8382352941176471,166.44249777777776,22
6h,32,0.8431372549019608,20.752677222222225,24
12h,63,0.8455882352941176,18.600104040404045,24
6h,38,0.8137254901960784,103.81596458333334,148
12h,97,0.7622549019607843,30.004786268939398,148
24h,197,0.758578431372549,21.468953255599473,148
48h,406,0.7512254901960784,95.15269753639751,148
6h,0,1.0,,72
12h,21,0.9485294117647058,9.549999999999999,72
24h,106,0.8700980392156863,9.197875,72
48h,258,0.8419117647058824,33.2320349626376,72
6h,37,0.8186274509803921,40.572222222222216,31
12h,80,0.803921568627451,42.53972121212121,31
6h,50,0.7549019607843137,19.838969444444448,77
12h,112,0.7254901960784313,36.95220135667903,77
24h,224,0.7254901960784313,21.278676671205265,77
48h,441,0.7297794117647058,22.104156680521875,77
6h,51,0.75,75.36666666666666,83
12h,103,0.7475490196078431,30.92417195640617,83
24h,185,0.7732843137254902,33.89336499687955,83
48h,398,0.7561274509803921,36.02071785467901,83
6h,82,0.5980392156862745,130.41595362318841,41
12h,112,0.7254901960784313,131.89540026350463,41
24h,232,0.7156862745098039,2281.567966773647,41
6h,31,0.8480392156862745,36.025000000000006,45
12h,71,0.8259803921568627,83.02405025974026,45
24h,150,0.8161764705882353,55.70773244047619,45
6h,25,0.8774509803921569,6.726706666666667,277
12h,53,0.8700980392156863,14.55221022727273,277
24h,128,0.8431372549019608,41.8245442923019,277
48h,266,0.8370098039215687,270.74701136449204,277
6h,20,0.9019607843137255,27.789778333333334,44
12h,64,0.8431372549019608,29.874734722222218,44
24h,125,0.8468137254901961,35.07683912020311,44
6h,25,0.8774509803921569,7.710623333333333,29
12h,52,0.8725490196078431,17.00066111111111,29
6h,56,0.7254901960784313,9.283214583333333,91
12h,109,0.7328431372549019,54.5329621590909,91
24h,228,0.7205882352941176,182.10197049600202,91
48h,419,0.7432598039215687,641.5796374703472,91
6h,34,0.8333333333333334,103.33055555555556,187
12h,101,0.7524509803921569,27.639647362514026,187
24h,179,0.7806372549019608,19.51841367588933,187
48h,363,0.7775735294117647,32.07225331497427,187
6h,42,0.7941176470588235,32.74027777777778,17
6h,56,0.7254901960784313,17.75780487179487,63
12h,100,0.7549019607843137,11.908055128205127,63
24h,233,0.7144607843137255,1436.2083796370061,63
48h,483,0.7040441176470589,665.3744162213887,63
6h,70,0.6568627450980392,23.0022282051282,19
6h,61,0.7009803921568627,45.704791666666665,47
12h,109,0.7328431372549019,37.8609558080808,47
24h,188,0.7696078431372549,86.0832381706699,47
6h,59,0.7107843137254902,9.94234222222222,163
12h,98,0.7598039215686274,13.31405111111111,163
24h,176,0.7843137254901961,25.756615558888576,163
48h,378,0.7683823529411765,46.46340049017272,163
6h,52,0.7450980392156863,85.52048190476191,114
12h,89,0.7818627450980392,65.25972203856749,114
24h,170,0.7916666666666666,63.383664738128466,114
48h,353,0.7837009803921569,143.35653704425332,114
6h,56,0.7254901960784313,32.796102380952384,18
6h,43,0.7892156862745098,26.776851851851852,216
12h,80,0.803921568627451,17.601018518518522,216
24h,192,0.7647058823529411,15.104990938735181,216
48h,374,0.7708333333333334,36.527790990360714,216
6h,37,0.8186274509803921,23.183333333333334,57
12h,78,0.8088235294117647,22.99942861952862,57
24h,172,0.7892156862745098,41.22744180521571,57
6h,31,0.8480392156862745,12.61629777777778,80
12h,41,0.8995098039215687,16.352171164021165,80
24h,111,0.8639705882352942,12.147699058360187,80
48h,307,0.8118872549019608,70.27050406683111,80
6h,34,0.8333333333333334,20.720326666666665,41
12h,67,0.8357843137254902,22.183692045454542,41
24h,160,0.803921568627451,19.66205260094552,41
6h,83,0.5931372549019608,15.240223214285715,20
6h,0,1.0,,91
12h,12,0.9705882352941176,16.583333333333336,91
24h,77,0.9056372549019608,15.844273333333334,91
48h,234,0.8566176470588235,48.88477916053245,91
6h,42,0.7941176470588235,10.243583333333333,69
12h,69,0.8308823529411765,10.782941919191922,69
24h,133,0.8370098039215687,18.857573644864384,69
48h,237,0.8547794117647058,14.150534930253746,69
6h,32,0.8431372549019608,237.58158809523812,87
12h,69,0.8308823529411765,111.65123145743144,87
24h,159,0.8051470588235294,91.15790888790298,87
48h,322,0.8026960784313726,41.51456145954033,87
6h,45,0.7794117647058824,61.27333333333333,120
12h,76,0.8137254901960784,45.82732020202021,120
24h,140,0.8284313725490197,49.50882357487924,120
48h,279,0.8290441176470589,17.933675236845794,120
6h,74,0.6372549019607843,91.57054603174603,141
12h,118,0.7107843137254902,68.04714075757578,141
24h,220,0.7303921568627451,43.44640923634337,141
48h,419,0.7432598039215687,130.0244051687264,141
6h,87,0.5735294117647058,20.930175694444447,49
12h,174,0.5735294117647058,2878.519816628264,49
24h,339,0.5845588235294118,100966.7150664301,49
6h,32,0.8431372549019608,34.750657777777775,19
6h,38,0.8137254901960784,26.453333333333337,65
12h,59,0.8553921568627451,34.6974962962963,65
24h,125,0.8468137254901961,37.20263911255411,65
48h,287,0.8241421568627451,34.33121155851999,65
6h,60,0.7058823529411765,4.54507,64
12h,103,0.7475490196078431,10.244151941287878,64
24h,206,0.7475490196078431,13.594195990338164,64
48h,402,0.7536764705882353,107.11714146152487,64
6h,47,0.7696078431372549,8.645682121212122,27
12h,94,0.7696078431372549,6.210519595959596,27
6h,35,0.8284313725490197,6.4876661111111105,30
12h,68,0.8333333333333334,6.906254829545454,30
6h,27,0.8676470588235294,4.548333333333334,45
12h,54,0.8676470588235294,6.386757070707071,45
24h,125,0.8468137254901961,3.015087305965448,45
6h,39,0.8088235294117647,19.34189166666667,210
12h,96,0.7647058823529411,10.372629898989898,210
24h,195,0.7610294117647058,15.753830563540545,210
48h,370,0.7732843137254902,17.436875177658415,210
6h,61,0.7009803921568627,13.485245,33
12h,111,0.7279411764705882,26.382138383838384,33
6h,46,0.7745098039215687,27.956816666666665,146
12h,75,0.8161764705882353,20.014019675324676,146
24h,167,0.7953431372549019,86.59284189704647,146
48h,371,0.772671568627451,90.54380352273228,146
6h,56,0.7254901960784313,12.544585185185186,50
12h,114,0.7205882352941176,160.32435460317464,50
24h,236,0.7107843137254902,102.57419777762094,50
6h,49,0.7598039215686274,178.6201583333333,28
12h,91,0.7769607843137255,369.95192083333336,28
6h,33,0.8382352941176471,20.298477777777777,22
12h,81,0.8014705882352942,20.91317939393939,22
6h,34,0.8333333333333334,11.8871,42
12h,73,0.821078431372549,9.838297435897436,42
24h,158,0.8063725490196079,38.43648437198068,42
6h,56,0.7254901960784313,90.84815185185185,40
12h,107,0.7377450980392157,33.796522222222215,40
24h,181,0.7781862745098039,41.56038535353535,40
6h,42,0.7941176470588235,82.20513611111112,93
12h,99,0.7573529411764706,52.545573169191925,93
24h,182,0.7769607843137255,61.836059127647715,93
48h,361,0.7787990196078431,68.3586347967501,93
6h,77,0.6225490196078431,41.10049047619048,16
6h,32,0.8431372549019608,0.0,61
12h,45,0.8897058823529411,52.00006176470589,61
24h,112,0.8627450980392157,29.227629324175826,61
48h,284,0.8259803921568627,68.92632122960673,61
6h,91,0.553921568627451,8.025626811594204,73
12h,149,0.6348039215686274,7.991291853315766,73
24h,274,0.6642156862745098,29860.111312479,73
48h,522,0.6801470588235294,19740.023190805023,73
6h,49,0.7598039215686274,85.95833333333334,110
12h,87,0.7867647058823529,74.16643740530303,110
24h,186,0.7720588235294118,68.66168440750214,110
48h,370,0.7732843137254902,64.69993522205901,110
6h,56,0.7254901960784313,20.691666666666666,158
12h,104,0.7450980392156863,25.21798641098485,158
24h,191,0.7659313725490197,22.223678731248416,158
48h,374,0.7708333333333334,84.22367621354239,158
6h,44,0.7843137254901961,18.683007142857143,98
12h,99,0.7573529411764706,92.5173023989899,98
24h,178,0.7818627450980392,59.730225881642504,98
48h,374,0.7708333333333334,40.642652921206455,98
6h,26,0.8725490196078431,16.816916666666664,188
12h,50,0.8774509803921569,57.936454545454545,188
24h,149,0.8174019607843137,15.422223612891798,188
48h,325,0.8008578431372549,221.8961100907262,188
6h,41,0.7990196078431373,6.322645,24
12h,85,0.7916666666666666,6.723178598484848,24
6h,33,0.8382352941176471,32.92338194444444,42
12h,81,0.8014705882352942,37.955924242424246,42
24h,163,0.8002450980392157,47.3159999678404,42
6h,64,0.6862745098039216,35.60818166666667,47
12h,109,0.7328431372549019,56.71648198135199,47
24h,236,0.7107843137254902,241.18647115286754,47
6h,43,0.7892156862745098,29.746075333333334,19
6h,61,0.7009803921568627,39.221875,16
6h,40,0.803921568627451,18.153114285714288,36
12h,87,0.7867647058823529,24.775410858585857,36
24h,195,0.7610294117647058,67.42646589774557,36
6h,38,0.8137254901960784,30.379166666666666,27
12h,77,0.8112745098039216,25.662504734848483,27
6h,42,0.7941176470588235,23.409702380952382,25
12h,97,0.7622549019607843,23.25072396694215,25
6h,16,0.9215686274509803,19.8125,160
12h,48,0.8823529411764706,51.451518730158725,160
24h,112,0.8627450980392157,30.39264648123806,160
48h,235,0.8560049019607843,80.81235710466113,160
6h,27,0.8676470588235294,8.322724000000003,87
12h,60,0.8529411764705882,12.187916060606062,87
24h,141,0.8272058823529411,27.49177820675701,87
48h,291,0.8216911764705882,19.630237550150248,87
6h,50,0.7549019607843137,20.023681250000003,50
12h,99,0.7573529411764706,68.50166341414142,50
24h,248,0.696078431372549,721.6756732359128,50
6h,46,0.7745098039215687,13.529322916666667,80
12h,95,0.7671568627450981,6.352580808080807,80
24h,240,0.7058823529411765,16.391946929857582,80
48h,466,0.7144607843137255,17.609289292440497,80
6h,59,0.7107843137254902,27.530714102564104,41
12h,129,0.6838235294117647,61.52522009803923,41
24h,251,0.6924019607843137,61.22208268315717,41
6h,34,0.8333333333333334,114.29787142857143,22
12h,96,0.7647058823529411,52.156045083487946,22
6h,56,0.7254901960784313,54.31785714285714,25
12h,116,0.7156862745098039,34.36728222610722,25
6h,32,0.8431372549019608,63.687350476190495,20
6h,35,0.8284313725490197,10.868230555555556,83
12h,79,0.8063725490196079,27.169792045454546,83
24h,139,0.8296568627450981,342.86557693358395,83
48h,275,0.8314950980392157,199.93442743507927,83
6h,48,0.7647058823529411,17.86828125,19
6h,63,0.6911764705882353,26.308109375,128
12h,89,0.7818627450980392,58.16587274509804,128
24h,183,0.7757352941176471,46.897760428607334,128
48h,358,0.7806372549019608,40.768137579351716,128
6h,59,0.7107843137254902,171.0663313888889,24
12h,100,0.7549019607843137,146.29636877104377,24
6h,51,0.75,26.05,49
12h,112,0.7254901960784313,37.26487110881543,49
24h,274,0.6642156862745098,104.54806655309946,49
6h,28,0.8627450980392157,15.425741666666667,32
12h,56,0.8627450980392157,22.26616363636364,32
6h,52,0.7450980392156863,13.616400000000002,22
12h,80,0.803921568627451,20.168912755102042,22
6h,55,0.7303921568627451,76.83923333333334,17
6h,39,0.8088235294117647,141.44031904761908,61
12h,77,0.8112745098039216,80.02068437229437,61
24h,175,0.7855392156862745,61.07201197816677,61
48h,345,0.7886029411764706,59.47687882978724,61
6h,34,0.8333333333333334,34.75372142857143,48
12h,85,0.7916666666666666,41.809184090909085,48
24h,148,0.8186274509803921,63.79879095216377,48
6h,47,0.7696078431372549,4.675694444444445,22
12h,76,0.8137254901960784,30.700443232323234,22
6h,59,0.7107843137254902,39.07720769230769,34
12h,134,0.6715686274509803,50.97471068245481,34
24h,294,0.6397058823529411,46.087919869283546,34
6h,25,0.8774509803921569,5.65,76
12h,56,0.8627450980392157,26.54914155844156,76
24h,168,0.7941176470588235,43.84917918567321,76
48h,364,0.7769607843137255,98.03609852875041,76
6h,59,0.7107843137254902,7.9132380952380945,161
12h,108,0.7352941176470589,31.228096702317288,161
24h,208,0.7450980392156863,95.47127107847245,161
48h,395,0.7579656862745098,63.72606086440231,161
6h,45,0.7794117647058824,9.505118750000001,37
12h,99,0.7573529411764706,15.550835464015151,37
24h,205,0.7487745098039216,47.97456355637116,37
6h,32,0.8431372549019608,96.81774285714287,104
12h,77,0.8112745098039216,76.24672509469697,104
24h,167,0.7953431372549019,40.846964941909214,104
48h,327,0.7996323529411765,27.01844604604008,104
6h,63,0.6911764705882353,95.48482371794873,21
6h,24,0.8823529411764706,35.76120999999999,105
12h,57,0.8602941176470589,53.692518614718615,105
24h,151,0.8149509803921569,199.92045006734008,105
48h,331,0.7971813725490197,60.867802246833556,105
6h,24,0.8823529411764706,25.349999999999998,78
12h,71,0.8259803921568627,5.1534538461538455,78
24h,126,0.8455882352941176,4.897955381140599,78
48h,277,0.8302696078431373,13.545051222885084,78
6h,57,0.7205882352941176,37.6221,19
6h,55,0.7303921568627451,8.872222222222222,69
12h,89,0.7818627450980392,49.514292045454546,69
24h,185,0.7732843137254902,41.052150191040845,69
48h,359,0.7800245098039216,45.21583133924817,69
6h,32,0.8431372549019608,15.544134,29
12h,70,0.8284313725490197,8.24019383116883,29
6h,28,0.8627450980392157,10.575,26
12h,79,0.8063725490196079,8.432562424242423,26
6h,29,0.8578431372549019,23.1875,20
6h,70,0.6568627450980392,28.610798717948718,41
12h,116,0.7156862745098039,35.126755011655014,41
24h,235,0.7120098039215687,1928.948634098931,41
6h,54,0.7352941176470589,53.13217703703704,119
12h,89,0.7818627450980392,52.397322284752285,119
24h,166,0.7965686274509803,41.04971683686599,119
48h,333,0.7959558823529411,27.846017562812676,119
6h,40,0.803921568627451,22.7174,28
12h,101,0.7524509803921569,57.00904505050505,28
6h,31,0.8480392156862745,75.23967833333334,198
12h,77,0.8112745098039216,36.66175833333333,198
24h,139,0.8296568627450981,51.576488054300775,198
48h,273,0.8327205882352942,262.63347570106833,198
6h,38,0.8137254901960784,158.6888888888889,171
12h,99,0.7573529411764706,98.67511893939394,171
24h,182,0.7769607843137255,81.74893006038646,171
48h,380,0.7671568627450981,120.4956294581872,171
6h,40,0.803921568627451,14.172222222222222,24
12h,92,0.7745098039215687,32.24941848484849,24
6h,47,0.7696078431372549,28.613521212121213,49
12h,107,0.7377450980392157,50.88236648268399,49
24h,202,0.7524509803921569,19.545078917653445,49
6h,27,0.8676470588235294,50.43,131
12h,53,0.8700980392156863,102.8569409090909,131
24h,112,0.8627450980392157,96.40180873768743,131
48h,227,0.8609068627450981,85.33342398428584,131
6h,81,0.6029411764705882,109.81568104166666,31
12h,160,0.6078431372549019,232.93802920634917,31
6h,59,0.7107843137254902,17.00708333333333,23
12h,108,0.7352941176470589,70.1351012516469,23
6h,51,0.75,10.822114761904762,17
6h,26,0.8725490196078431,41.071506666666664,234
12h,55,0.8651960784313726,38.292794516594526,234
24h,133,0.8370098039215687,10.399893906455864,234
48h,262,0.8394607843137255,58.953074414051535,234
6h,25,0.8774509803921569,19.777777777777775,46
12h,44,0.8921568627450981,15.635892857142858,46
24h,46,0.9436274509803921,14.68140625,46
6h,49,0.7598039215686274,22.002839583333333,51
12h,107,0.7377450980392157,89.17927219251338,51
24h,227,0.7218137254901961,178.47200971851086,51
6h,55,0.7303921568627451,33.65000416666666,81
12h,101,0.7524509803921569,55.41503106060606,81
24h,223,0.7267156862745098,53.21757516109545,81
48h,437,0.7322303921568627,3238.5277364313606,81
6h,32,0.8431372549019608,7.663404444444446,41
12h,72,0.8235294117647058,10.071025126262628,41
24h,148,0.8186274509803921,170.62916325465838,41
6h,40,0.803921568627451,37.46969166666668,91
12h,110,0.7303921568627451,23.97101393939394,91
24h,190,0.7671568627450981,17.43687446021887,91
48h,371,0.772671568627451,81.58427311407394,91
6h,73,0.6421568627450981,57.547342105263155,81
12h,120,0.7058823529411765,61.933094870129864,81
24h,244,0.7009803921568627,65.93279213435373,81
48h,490,0.6997549019607843,64.61207113493914,81
6h,30,0.8529411764705882,6.622787333333333,18
6h,40,0.803921568627451,16.525,58
12h,76,0.8137254901960784,3.7213977777777782,58
24h,153,0.8125,107.18599455486545,58
48h,278,0.8296568627450981,250.78079790872619,58
6h,47,0.7696078431372549,25.852083333333336,50
12h,96,0.7647058823529411,41.303461323763955,50
24h,185,0.7732843137254902,29.6484589018216,50
6h,68,0.6666666666666666,2.4815814814814816,125
12h,117,0.7132352941176471,2.2116689772727276,125
24h,218,0.7328431372549019,2.607595027389579,125
48h,424,0.7401960784313726,13.921564424861044,125
6h,49,0.7598039215686274,45.73489722222222,192
12h,80,0.803921568627451,33.40194090909091,192
24h,137,0.8321078431372549,61.204802969266765,192
48h,257,0.8425245098039216,83.0095772902706,192
6h,59,0.7107843137254902,21.569304761904764,119
12h,103,0.7475490196078431,60.437700137741054,119
24h,215,0.7365196078431373,46.76480544125259,119
48h,438,0.7316176470588235,52.43243932316655,119
6h,56,0.7254901960784313,19.351302083333334,68
12h,98,0.7598039215686274,29.054340702479347,68
24h,169,0.7928921568627451,54.9008753940944,68
48h,315,0.8069852941176471,111.34197287821776,68
6h,39,0.8088235294117647,757.4326957142857,25
12h,81,0.8014705882352942,386.17817065359475,25
6h,41,0.7990196078431373,30.91507619047619,41
12h,81,0.8014705882352942,30.116718371212123,41
24h,185,0.7732843137254902,20.396414412238325,41
6h,29,0.8578431372549019,58.08057222222222,136
12h,46,0.8872549019607843,57.680534013605445,136
24h,112,0.8627450980392157,45.02482244897959,136
48h,274,0.8321078431372549,102.54527880598933,136
6h,40,0.803921568627451,20.264787333333334,101
12h,70,0.8284313725490197,16.952407449494945,101
24h,142,0.8259803921568627,99.25479438982498,101
48h,259,0.8412990196078431,127.8212998773225,101
6h,52,0.7450980392156863,8.09023076923077,92
12h,91,0.7769607843137255,13.882946775446776,92
24h,188,0.7696078431372549,29.43986769172856,92
48h,388,0.7622549019607843,19.51070019285946,92
6h,44,0.7843137254901961,64.56642857142857,243
12h,84,0.7941176470588235,45.455504166666664,243
24h,180,0.7794117647058824,59.786222756760154,243
48h,352,0.7843137254901961,120.81677503883864,243
6h,29,0.8578431372549019,31.516666666666662,202
12h,73,0.821078431372549,36.26571328463203,202
24h,178,0.7818627450980392,33.11229538371125,202
48h,357,0.78125,185.44896966779316,202
6h,27,0.8676470588235294,87.08333333333334,32
12h,57,0.8602941176470589,37.72855042087542,32
6h,53,0.7401960784313726,15.359089583333333,305
12h,90,0.7794117647058824,74.23440568181819,305
24h,181,0.7781862745098039,49.814602727900116,305
48h,337,0.7935049019607843,43.344496867578926,305
6h,58,0.7156862745098039,18.842857142857145,85
12h,94,0.7696078431372549,32.685624949494944,85
24h,166,0.7965686274509803,33.28534060386473,85
48h,338,0.7928921568627451,912.4859133682805,85
6h,29,0.8578431372549019,125.13645833333331,29
12h,84,0.7941176470588235,18.226538368983963,29
6h,40,0.803921568627451,251.37439166666667,36
12h,78,0.8088235294117647,128.97806308539944,36
24h,170,0.7916666666666666,118.05329754820936,36
6h,34,0.8333333333333334,24.322867222222225,21
6h,50,0.7549019607843137,55.31779583333333,134
12h,97,0.7622549019607843,54.26209755244756,134
24h,197,0.758578431372549,30.181506303249893,134
48h,398,0.7561274509803921,27.643888930292956,134
6h,32,0.8431372549019608,26.516666666666666,49
12h,74,0.8186274509803921,59.36628623737374,49
24h,159,0.8051470588235294,50.92886847938623,49
6h,30,0.8529411764705882,9.933333333333334,110
12h,67,0.8357843137254902,288.66033133116883,110
24h,151,0.8149509803921569,22198.12250445134,110
48h,308,0.8112745098039216,10185.10423684384,110
6h,73,0.6421568627450981,52.55996458333334,21
12h,101,0.7524509803921569,49.40098993055555,21
6h,45,0.7794117647058824,27.22416666666667,206
12h,84,0.7941176470588235,28.493173737373738,206
24h,186,0.7720588235294118,13.824193149391514,206
48h,410,0.7487745098039216,12.098757600596906,206
6h,18,0.9117647058823529,41.47083333333334,31
12h,43,0.8946078431372549,53.96565656565656,31
6h,50,0.7549019607843137,11.440760606060604,27
12h,97,0.7622549019607843,12.996498539238539,27
6h,58,0.7156862745098039,41.856406250000006,58
12h,100,0.7549019607843137,34.6747,58
24h,151,0.8149509803921569,35.13530243103302,58
48h,256,0.8431372549019608,91.19858579898727,58
6h,43,0.7892156862745098,144.4173462962963,51
12h,89,0.7818627450980392,160.81601385281385,51
24h,193,0.7634803921568627,105.34097636127518,51
6h,33,0.8382352941176471,74.36574333333333,37
12h,84,0.7941176470588235,281.7840961038961,37
24h,156,0.8088235294117647,135.39580339415116,37
6h,32,0.8431372549019608,181.43610888888887,182
12h,67,0.8357843137254902,205.27517108585857,182
24h,146,0.821078431372549,177.08943833850932,182
48h,299,0.8167892156862745,57.73758464582884,182
6h,41,0.7990196078431373,27.05833333333333,54
12h,77,0.8112745098039216,61.27682992424243,54
24h,187,0.7708333333333334,113.80728311387163,54
6h,32,0.8431372549019608,37.55127533333333,38
12h,68,0.8333333333333334,36.37940194805196,38
24h,173,0.7879901960784313,36.71997504275812,38
6h,51,0.75,16.138958333333335,24
12h,91,0.7769607843137255,283.70182482828284,24
6h,56,0.7254901960784313,184.75062499999999,58
12h,101,0.7524509803921569,82.29108582251082,58
24h,179,0.7806372549019608,53.527110265700486,58
48h,387,0.7628676470588235,114.85427008551315,58
6h,39,0.8088235294117647,73.25668571428572,52
12h,85,0.7916666666666666,65.55920734848486,52
24h,186,0.7720588235294118,33.932004646802476,52
6h,45,0.7794117647058824,22.688888888888886,55
12h,87,0.7867647058823529,17.10804903581267,55
24h,213,0.7389705882352942,11.326115522512913,55
6h,24,0.8823529411764706,11.524999999999999,115
12h,49,0.8799019607843137,42.49789606060607,115
24h,124,0.8480392156862745,18.299648926657884,115
48h,264,0.8382352941176471,41.15073550215628,115
6h,60,0.7058823529411765,42.82648333333333,33
12h,121,0.7034313725490197,30.278363989898995,33
6h,58,0.7156862745098039,28.773177499999996,46
12h,108,0.7352941176470589,41.99354763708513,46
24h,205,0.7487745098039216,606.7509479985157,46
6h,60,0.7058823529411765,40.827014166666665,105
12h,94,0.7696078431372549,41.719408333333334,105
24h,151,0.8149509803921569,25.023387642071985,105
48h,248,0.8480392156862745,56.955666181325306,105
6h,68,0.6666666666666666,10.808848484848484,19
6h,37,0.8186274509803921,34.80418380952381,21
6h,20,0.9019607843137255,52.873272222222226,199
12h,39,0.9044117647058824,42.442414285714285,199
24h,100,0.8774509803921569,33.44051101461039,199
48h,258,0.8419117647058824,55.14364437397077,199
6h,33,0.8382352941176471,21.463380476190476,30
12h,69,0.8308823529411765,17.974590412698415,30
6h,39,0.8088235294117647,22.99047619047619,146
12h,81,0.8014705882352942,61.854202356902356,146
24h,173,0.7879901960784313,86.0955169301713,146
48h,370,0.7732843137254902,240.18451932304455,146
6h,46,0.7745098039215687,2.4125133333333335,68
12h,113,0.7230392156862745,9.289380291638187,68
24h,204,0.75,37.94771108590876,68
48h,429,0.7371323529411765,159.91555814672327,68
6h,44,0.7843137254901961,19.99867692307692,41
12h,100,0.7549019607843137,18.133824444444446,41
24h,178,0.7818627450980392,16.87098951803752,41
6h,39,0.8088235294117647,69.06110238095238,73
12h,79,0.8063725490196079,80.1061303030303,73
24h,196,0.7598039215686274,16.655508558108558,73
48h,418,0.7438725490196079,73.55750512584355,73
6h,65,0.6813725490196079,4.045018181818182,143
12h,124,0.696078431372549,73.39770265151513,143
24h,237,0.7095588235294118,81.0743560357718,143
48h,463,0.7162990196078431,121.04205092428566,143
6h,64,0.6862745098039216,18.998350793650793,19
6h,58,0.7156862745098039,33.83819166666667,113
12h,122,0.7009803921568627,67.82843784271284,113
24h,243,0.7022058823529411,38.676011684285925,113
48h,498,0.6948529411764706,54.19560333621268,113
6h,75,0.6323529411764706,37.816777222222214,110
12h,108,0.7352941176470589,59.53396575630253,110
24h,184,0.7745098039215687,478.99874749678014,110
48h,327,0.7996323529411765,278.8194105880745,110
6h,42,0.7941176470588235,4.3724,19
6h,52,0.7450980392156863,282.74917,134
12h,90,0.7794117647058824,172.96751994949497,134
24h,172,0.7892156862745098,81.74196645134575,134
48h,372,0.7720588235294118,50.89036882401153,134
6h,40,0.803921568627451,84.54043333333334,238
12h,78,0.8088235294117647,67.2214,238
24h,166,0.7965686274509803,80.85290615942031,238
48h,333,0.7959558823529411,194.97629479675172,238
6h,40,0.803921568627451,186.17781666666667,120
12h,104,0.7450980392156863,79.70449023569023,120
24h,213,0.7389705882352942,626.6334680244495,120
48h,422,0.741421568627451,554.8644463342996,120
6h,41,0.7990196078431373,18.42550416666667,84
12h,70,0.8284313725490197,26.58629507575758,84
24h,172,0.7892156862745098,279.7455157020516,84
48h,358,0.7806372549019608,84.62516871097839,84
6h,40,0.803921568627451,30.485022222222224,18
6h,83,0.5931372549019608,85.27159807692307,109
12h,146,0.6421568627450981,58.10276487956488,109
24h,279,0.6580882352941176,56.06642400390953,109
48h,595,0.6354166666666666,146.89620457756055,109
6h,32,0.8431372549019608,29.12207619047619,26
12h,59,0.8553921568627451,23.914495844155844,26
6h,59,0.7107843137254902,20.835524242424242,17
6h,28,0.8627450980392157,70.91999999999999,151
12h,63,0.8455882352941176,43.26307911255412,151
24h,116,0.8578431372549019,38.52810459850606,151
48h,251,0.8462009803921569,47.78698280976536,151
6h,43,0.7892156862745098,4.9021537037037035,51
12h,81,0.8014705882352942,16.940095286195287,51
24h,191,0.7659313725490197,32.82171874250844,51
6h,54,0.7352941176470589,19.41979166666666,23
12h,94,0.7696078431372549,206.34852424242425,23
6h,38,0.8137254901960784,29.861111111111104,58
12h,80,0.803921568627451,58.204871212121205,58
24h,179,0.7806372549019608,28.732421179392265,58
48h,387,0.7628676470588235,31.71594761444027,58
6h,65,0.6813725490196079,9.178194444444445,41
12h,114,0.7205882352941176,11.39657803030303,41
24h,218,0.7328431372549019,173.4645952093398,41
6h,44,0.7843137254901961,15.279097916666668,114
12h,74,0.8186274509803921,10.647579444444442,114
24h,160,0.803921568627451,16.289982826709632,114
48h,299,0.8167892156862745,15.001749220229616,114
6h,0,1.0,,49
12h,12,0.9705882352941176,4.625,49
24h,85,0.8958333333333334,10.766206424344887,49
6h,33,0.8382352941176471,5.672222222222222,23
12h,65,0.8406862745098039,20.886927489177488,23
6h,28,0.8627450980392157,8.195452777777776,40
12h,52,0.8725490196078431,17.711614393939396,40
24h,120,0.8529411764705882,28.287374472990777,40
6h,50,0.7549019607843137,45.07777777777778,144
12h,86,0.7892156862745098,51.28754058441559,144
24h,164,0.7990196078431373,93.00180775079993,144
48h,330,0.7977941176470589,55.85619091147367,144
6h,0,1.0,,118
12h,15,0.9632352941176471,29.53333333333333,118
24h,77,0.9056372549019608,38.68244595848596,118
48h,204,0.875,26.578118699123586,118
6h,46,0.7745098039215687,35.113440476190476,40
12h,90,0.7794117647058824,148.74211884469696,40
24h,207,0.7463235294117647,102.10798225076856,40
6h,40,0.803921568627451,83.61904761904762,80
12h,96,0.7647058823529411,66.60317316017317,80
24h,228,0.7205882352941176,1029.7562660510653,80
48h,473,0.710171568627451,5302.413692097361,80
6h,38,0.8137254901960784,32.11111111111111,51
12h,78,0.8088235294117647,31.57176950757576,51
24h,180,0.7794117647058824,22.285979510320598,51
6h,37,0.8186274509803921,78.02732380952382,42
12h,75,0.8161764705882353,55.02679177489178,42
24h,152,0.8137254901960784,27.052722798282083,42
6h,39,0.8088235294117647,39.600208333333335,132
12h,72,0.8235294117647058,34.22832386363636,132
24h,158,0.8063725490196079,34.87804104724262,132
48h,299,0.8167892156862745,151.86837152265852,132
6h,40,0.803921568627451,9.432291666666666,202
12h,87,0.7867647058823529,7.61095236985237,202
24h,171,0.7904411764705882,13.400654758041346,202
48h,348,0.7867647058823529,39.298278943774214,202
6h,22,0.8921568627450981,21.01827777777778,20
6h,89,0.5637254901960784,697.9518896153846,56
12h,156,0.6176470588235294,4900.6102849192475,56
24h,328,0.5980392156862745,2417.3836484347335,56
6h,32,0.8431372549019608,13.709778666666669,100
12h,64,0.8431372549019608,9.010225432900432,100
24h,143,0.8247549019607843,20.180537204968946,100
48h,288,0.8235294117647058,176.9972102698245,100
6h,49,0.7598039215686274,81.14280000000001,76
12h,80,0.803921568627451,92.66055353535353,76
24h,138,0.8308823529411765,60.08059521712243,76
48h,295,0.8192401960784313,85.75934321656227,76
6h,37,0.8186274509803921,192.6847422222222,167
12h,74,0.8186274509803921,134.47864242424242,167
24h,152,0.8137254901960784,402.0763781893469,167
48h,289,0.8229166666666666,396.207310576294,167
6h,46,0.7745098039215687,7.972708333333332,32
12h,87,0.7867647058823529,6.296769393939394,32
6h,70,0.6568627450980392,73.13540614035087,77
12h,125,0.6936274509803921,42.68404655647384,77
24h,235,0.7120098039215687,60.08993156785244,77
48h,435,0.7334558823529411,79.51006810008954,77
6h,54,0.7352941176470589,9.194444444444445,131
12h,84,0.7941176470588235,35.236000063131314,131
24h,143,0.8247549019607843,36.553128160904706,131
48h,348,0.7867647058823529,43.764582138688894,131
6h,54,0.7352941176470589,53.05065454545454,31
12h,132,0.6764705882352942,309.04716334462637,31
6h,58,0.7156862745098039,85.71013125,111
12h,101,0.7524509803921569,50.62954102934103,111
24h,217,0.7340686274509803,307.85166375638084,111
48h,427,0.7383578431372549,188.7098562313825,111
6h,26,0.8725490196078431,111.85,93
12h,59,0.8553921568627451,51.91507222222222,93
24h,135,0.8345588235294118,96.02421798392083,93
48h,265,0.8376225490196079,251.56226480387963,93
6h,31,0.8480392156862745,47.86833333333334,17
6h,61,0.7009803921568627,11.07998,79
12h,112,0.7254901960784313,107.73346975524477,79
24h,219,0.7316176470588235,77.57069313544652,79
48h,448,0.7254901960784313,47.97457423968762,79
6h,53,0.7401960784313726,47.77012380952382,42
12h,93,0.7720588235294118,35.56060669191919,42
24h,176,0.7843137254901961,31.804975499516903,42
6h,44,0.7843137254901961,111.0345238095238,105
12h,79,0.8063725490196079,139.50861325757575,105
24h,186,0.7720588235294118,61.35341710100114,105
48h,350,0.7855392156862745,69.05867655185637,105
6h,61,0.7009803921568627,76.52669270833334,75
12h,87,0.7867647058823529,64.47164201388887,75
24h,166,0.7965686274509803,40.60908446158009,75
48h,376,0.7696078431372549,102.91320418440475,75
6h,30,0.8529411764705882,18.794444444444448,33
12h,66,0.8382352941176471,18.929147619047622,33
6h,65,0.6813725490196079,33.34304615384615,39
12h,137,0.6642156862745098,432.0466175428737,39
24h,220,0.7303921568627451,297.0321475638585,39
6h,57,0.7205882352941176,158.26161000000005,165
12h,125,0.6936274509803921,84.52433318095238,165
24h,222,0.7279411764705882,157.6262616056166,165
48h,422,0.741421568627451,132.51244430435688,165
6h,26,0.8725490196078431,154.02062083333334,19
6h,34,0.8333333333333334,151.74906666666664,24
12h,65,0.8406862745098039,108.8889022675737,24
6h,50,0.7549019607843137,5.5338179487179495,27
12h,78,0.8088235294117647,3.0343151515151514,27
6h,53,0.7401960784313726,4.580972916666667,210
12h,93,0.7720588235294118,5.321526799242424,210
24h,199,0.7561274509803921,67.32156657954546,210
48h,405,0.7518382352941176,68.7572483706199,210
6h,25,0.8774509803921569,8.88105611111111,15
6h,57,0.7205882352941176,44.89598958333333,144
12h,97,0.7622549019607843,48.818138636363635,144
24h,186,0.7720588235294118,88.57526938036085,144
48h,372,0.7720588235294118,101.34828724115984,144
6h,70,0.6568627450980392,35.257407407407406,21
6h,60,0.7058823529411765,11.073500980392158,56
12h,97,0.7622549019607843,14.285079679144387,56
24h,228,0.7205882352941176,63.113613457902005,56
6h,49,0.7598039215686274,9.172522222222222,21
12h,101,0.7524509803921569,511.68583302020204,21
6h,39,0.8088235294117647,166.5277777777778,73
12h,96,0.7647058823529411,60.84859326599329,73
24h,174,0.7867647058823529,77.19488327700921,73
48h,366,0.7757352941176471,2808.9199854671288,73
6h,33,0.8382352941176471,21.255070555555555,103
12h,65,0.8406862745098039,21.123806818181816,103
24h,146,0.821078431372549,35.055481262939956,103
48h,290,0.8223039215686274,57.55903720799324,103
6h,20,0.9019607843137255,30.736446666666673,21
6h,36,0.8235294117647058,28.2625,185
12h,78,0.8088235294117647,25.909221022727273,185
24h,171,0.7904411764705882,32.92884791789531,185
48h,339,0.7922794117647058,322.1040470721013,185
6h,40,0.803921568627451,28.721875000000004,119
12h,80,0.803921568627451,52.07339138257576,119
24h,181,0.7781862745098039,65.17250705083967,119
48h,368,0.7745098039215687,34.557063857092814,119
6h,32,0.8431372549019608,33.31071428571429,151
12h,100,0.7549019607843137,21.752109888357257,151
24h,237,0.7095588235294118,148.87268962440137,151
48h,536,0.6715686274509803,126.64350385309466,151
6h,45,0.7794117647058824,117.73679791666667,85
12h,80,0.803921568627451,62.64246157407407,85
24h,174,0.7867647058823529,45.709346863686996,85
48h,355,0.7824754901960784,78.51232330229847,85
6h,36,0.8235294117647058,15.350000000000001,37
12h,81,0.8014705882352942,32.63442643097643,37
24h,175,0.7855392156862745,322.07586436404176,37
6h,27,0.8676470588235294,13.457209999999998,20
6h,62,0.696078431372549,76.25078888888889,43
12h,114,0.7205882352941176,118.2241898989899,43
24h,193,0.7634803921568627,104.94886860091455,43
6h,34,0.8333333333333334,130.7479166666667,39
12h,80,0.803921568627451,98.71781470258136,39
24h,187,0.7708333333333334,105.24038463686765,39
6h,46,0.7745098039215687,69.30447083333334,124
12h,89,0.7818627450980392,51.17570416666668,124
24h,183,0.7757352941176471,30.00246911928651,124
48h,376,0.7696078431372549,35.21829784873691,124
6h,38,0.8137254901960784,50.27222222222222,29
12h,82,0.7990196078431373,50.327149999999996,29
6h,44,0.7843137254901961,12.154139583333333,37
12h,86,0.7892156862745098,10.880399724517906,37
24h,185,0.7732843137254902,15.724512267659877,37
6h,75,0.6323529411764706,38.58629861111112,61
12h,122,0.7009803921568627,36.61025178416821,61
24h,261,0.6801470588235294,18.33580594398912,61
48h,539,0.6697303921568627,31.833429312580886,61
6h,49,0.7598039215686274,31.9875,137
12h,83,0.7965686274509803,59.187553882575756,137
24h,157,0.8075980392156863,65.48378761763598,137
48h,303,0.8143382352941176,360.5984050170614,137
6h,48,0.7647058823529411,49.43981571428572,51
12h,80,0.803921568627451,81.78524632034633,51
24h,153,0.8125,30.205743607542818,51
6h,51,0.75,18.66190476190476,34
12h,104,0.7450980392156863,14.684338825757578,34
24h,196,0.7598039215686274,707.8614026605221,34
6h,60,0.7058823529411765,19.68731538461538,60
12h,126,0.6911764705882353,229.12847231746034,60
24h,140,0.8284313725490197,193.67889325396825,60
48h,280,0.8284313725490197,148.71951460361552,60
6h,58,0.7156862745098039,68.5117625,211
12h,97,0.7622549019607843,90.13746070075757,211
24h,174,0.7867647058823529,65.90835025879917,211
48h,354,0.7830882352941176,45.10080108130455,211
6h,48,0.7647058823529411,28.531292424242427,144
12h,91,0.7769607843137255,19.498920110192838,144
24h,191,0.7659313725490197,40.551803656819914,144
48h,370,0.7732843137254902,144.06623324984,144
6h,21,0.8970588235294118,79.18333333333332,336
12h,36,0.9117647058823529,62.89261904761904,336
24h,111,0.8639705882352942,46.048255865153074,336
48h,227,0.8609068627450981,39.078733837795056,336
6h,40,0.803921568627451,100.27499999999999,157
12h,96,0.7647058823529411,118.31708429752065,157
24h,207,0.7463235294117647,83.81154649209485,157
48h,397,0.7567401960784313,124.26674538335229,157
6h,39,0.8088235294117647,67.30198095238094,271
12h,78,0.8088235294117647,70.83948257575757,271
24h,178,0.7818627450980392,35.15060089855072,271
48h,353,0.7837009803921569,97.35889972960992,271
6h,42,0.7941176470588235,16.348703703703706,136
12h,99,0.7573529411764706,12.457723295454546,136
24h,230,0.7181372549019608,55.93193501539523,136
48h,458,0.7193627450980392,81.92812290655228,136
6h,31,0.8480392156862745,231.14830666666663,54
12h,77,0.8112745098039216,204.53109626262628,54
24h,128,0.8431372549019608,242.82801511454826,54
6h,40,0.803921568627451,7.077777777777778,17
6h,21,0.8970588235294118,15.100245000000001,29
12h,77,0.8112745098039216,6.992987554112554,29
6h,47,0.7696078431372549,8.276908333333333,16
6h,39,0.8088235294117647,22.02880277777778,54
12h,91,0.7769607843137255,13.568305303030305,54
24h,167,0.7953431372549019,14.109252909420292,54
6h,54,0.7352941176470589,9.671201388888887,68
12h,93,0.7720588235294118,14.09130053030303,68
24h,212,0.7401960784313726,99.93009152492378,68
48h,499,0.6942401960784313,109.52679328331104,68
6h,33,0.8382352941176471,19.31808611111111,25
12h,78,0.8088235294117647,30.750920075757577,25
6h,43,0.7892156862745098,15.733333333333334,145
12h,88,0.7843137254901961,10.90944048174048,145
24h,193,0.7634803921568627,55.037876859143914,145
48h,417,0.7444852941176471,462.2382943248809,145
6h,0,1.0,,217
12h,14,0.9656862745098039,,217
24h,43,0.9473039215686274,32.14379476190476,217
48h,173,0.8939950980392157,32.170418117357784,217
6h,67,0.6715686274509803,19.614375000000003,22
12h,147,0.6397058823529411,26.32029432900433,22
6h,41,0.7990196078431373,11.850733333333332,125
12h,97,0.7622549019607843,26.537057575757572,125
24h,177,0.7830882352941176,96.85563963768115,125
48h,347,0.7873774509803921,258.4406760576442,125
6h,70,0.6568627450980392,85.8438596491228,256
12h,109,0.7328431372549019,71.01253971291867,256
24h,209,0.7438725490196079,130.85323753019324,256
48h,423,0.7408088235294118,142.3182823509081,256
6h,64,0.6862745098039216,28.35045882352941,65
12h,105,0.7426470588235294,106.70718148148147,65
24h,217,0.7340686274509803,98.11246836677813,65
48h,418,0.7438725490196079,102.93243322746206,65
6h,31,0.8480392156862745,82.8,76
12h,75,0.8161764705882353,76.28999292929292,76
24h,145,0.8223039215686274,316.95492927755816,76
48h,284,0.8259803921568627,226.21404889032246,76
6h,27,0.8676470588235294,67.72862666666666,67
12h,62,0.8480392156862745,74.27514805194805,67
24h,120,0.8529411764705882,464.4358043219462,67
48h,265,0.8376225490196079,155.81282743662473,67
6h,38,0.8137254901960784,34.618464583333335,34
12h,83,0.7965686274509803,75.61465673701298,34
24h,195,0.7610294117647058,30.661887187829432,34
6h,53,0.7401960784313726,26.582006250000003,159
12h,93,0.7720588235294118,23.35462420454546,159
24h,168,0.7941176470588235,35.679356314699795,159
48h,358,0.7806372549019608,127.77307308999366,159
6h,37,0.8186274509803921,24.813888888888894,18
6h,66,0.6764705882352942,34.22787777777777,76
12h,106,0.7401960784313726,30.072944781144777,76
24h,208,0.7450980392156863,26.059920418679546,76
48h,404,0.7524509803921569,90.23323773485527,76
6h,68,0.6666666666666666,9.76435350877193,46
12h,137,0.6642156862745098,13.60059115151515,46
24h,254,0.6887254901960784,69.5628147848673,46
6h,56,0.7254901960784313,70.41757638888889,72
12h,106,0.7401960784313726,52.266402222222226,72
24h,195,0.7610294117647058,54.17661112300582,72
48h,386,0.7634803921568627,149.417754361065,72
6h,60,0.7058823529411765,144.50625000000002,147
12h,104,0.7450980392156863,84.90353430735931,147
24h,185,0.7732843137254902,68.85579738200418,147
48h,373,0.7714460784313726,38.30877717193743,147
6h,60,0.7058823529411765,50.86677555555556,124
12h,101,0.7524509803921569,35.323080113636365,124
24h,211,0.741421568627451,24.848105769687148,124
48h,403,0.7530637254901961,54.83898151083679,124
6h,17,0.9166666666666666,8.050208333333332,118
12h,57,0.8602941176470589,17.717492336309522,118
24h,141,0.8272058823529411,19.450697469252454,118
48h,320,0.803921568627451,132.6164232777835,118
6h,39,0.8088235294117647,70.77243055555557,38
12h,74,0.8186274509803921,103.65414458874457,38
24h,158,0.8063725490196079,94.33198668595897,38
6h,63,0.6911764705882353,13.445333333333332,25
12h,130,0.6813725490196079,46.27621311188811,25
6h,82,0.5980392156862745,72.42277555555556,34
12h,144,0.6470588235294118,60.36905348484849,34
24h,280,0.6568627450980392,153.84947475779535,34
6h,33,0.8382352941176471,32.61888944444444,56
12h,78,0.8088235294117647,28.80253484848485,56
24h,152,0.8137254901960784,153.00082150161032,56
6h,47,0.7696078431372549,9.479952564102565,83
12h,72,0.8235294117647058,7.914835198135198,83
24h,122,0.8504901960784313,17.341149930359492,83
48h,251,0.8462009803921569,71.04579939418666,83
6h,86,0.5784313725490197,26.624774736842106,30
12h,146,0.6421568627450981,118.3728655689755,30
6h,62,0.696078431372549,32.81211296296296,193
12h,107,0.7377450980392157,129.74618618686867,193
24h,207,0.7463235294117647,93.98245193728941,193
48h,400,0.7549019607843137,193.37643327586272,193
6h,71,0.6519607843137255,31.613409444444436,19
6h,52,0.7450980392156863,148.55,25
12h,107,0.7377450980392157,42.37124599747475,25
6h,13,0.9362745098039216,146.61657499999998,27
12h,41,0.8995098039215687,164.40499133333327,27
6h,35,0.8284313725490197,29.83388888888889,45
12h,90,0.7794117647058824,17.8176995959596,45
24h,174,0.7867647058823529,28.293624015345266,45
6h,36,0.8235294117647058,12.133583333333334,169
12h,72,0.8235294117647058,17.938345998446,169
24h,130,0.8406862745098039,19.049528159088982,169
48h,243,0.8511029411764706,162.7029914767922,169
6h,48,0.7647058823529411,79.87142857142858,17
6h,39,0.8088235294117647,83.91785714285713,179
12h,79,0.8063725490196079,254.6212568181818,179
24h,171,0.7904411764705882,103.82926596736596,179
48h,336,0.7941176470588235,330.40344558156636,179
6h,34,0.8333333333333334,22.366474999999998,202
12h,83,0.7965686274509803,21.248996418732784,202
24h,231,0.7169117647058824,52.739601460030656,202
48h,422,0.741421568627451,85.11951055506184,202
6h,51,0.75,127.53895952380951,190
12h,81,0.8014705882352942,81.85057705627706,190
24h,152,0.8137254901960784,101.04244113997113,190
48h,328,0.7990196078431373,153.5456747385156,190
6h,54,0.7352941176470589,17.545472727272728,75
12h,112,0.7254901960784313,32.917113428030305,75
24h,199,0.7561274509803921,30.312629815642044,75
48h,393,0.7591911764705882,37.56354846586319,75
6h,45,0.7794117647058824,55.048858333333335,82
12h,90,0.7794117647058824,42.09506787878788,82
24h,199,0.7561274509803921,147.80754012990707,82
48h,420,0.7426470588235294,83.87902341931516,82
6h,45,0.7794117647058824,19.052297777777778,106
12h,76,0.8137254901960784,45.22541919191918,106
24h,152,0.8137254901960784,300.62104096681924,106
48h,282,0.8272058823529411,183.16415925698635,106
6h,35,0.8284313725490197,19.272604761904763,205
12h,63,0.8455882352941176,25.971401785714285,205
24h,114,0.8602941176470589,28.34049299752535,205
48h,229,0.8596813725490197,94.27487821055902,205
6h,42,0.7941176470588235,106.40119047619048,40
12h,76,0.8137254901960784,59.27284507575758,40
24h,177,0.7830882352941176,41.49710079799025,40
6h,38,0.8137254901960784,69.64027777777778,37
12h,82,0.7990196078431373,85.80417736742424,37
24h,172,0.7892156862745098,69.07042494431896,37
6h,42,0.7941176470588235,21.97470952380952,275
12h,79,0.8063725490196079,37.667810479797986,275
24h,175,0.7855392156862745,93.67951779220779,275
48h,353,0.7837009803921569,166.51122669079342,275
6h,31,0.8480392156862745,12.146666666666667,134
12h,62,0.8480392156862745,22.139681060606062,134
24h,142,0.8259803921568627,46.963861666666666,134
48h,268,0.8357843137254902,33.188442185686654,134
6h,56,0.7254901960784313,41.873256250000004,47
12h,94,0.7696078431372549,64.97225606060606,47
24h,186,0.7720588235294118,20.72751437681159,47
6h,31,0.8480392156862745,25.458874666666663,47
12h,77,0.8112745098039216,18.35163463203463,47
24h,154,0.8112745098039216,149.30929109848483,47
6h,39,0.8088235294117647,27.20922619047619,94
12h,101,0.7524509803921569,14.370661079545455,94
24h,188,0.7696078431372549,30.17641227858293,94
48h,378,0.7683823529411765,81.47187095596993,94
6h,45,0.7794117647058824,16.68835,57
12h,100,0.7549019607843137,33.39075606060606,57
24h,188,0.7696078431372549,42.783706305132064,57
6h,25,0.8774509803921569,39.04117333333333,81
12h,65,0.8406862745098039,67.38682554112555,81
24h,154,0.8112745098039216,23.11926749153021,81
48h,329,0.7984068627450981,76.00281538496786,81
6h,32,0.8431372549019608,38.44662388888889,28
12h,66,0.8382352941176471,30.823803863636368,28
6h,0,1.0,,98
12h,10,0.9754901960784313,29.3,98
24h,69,0.9154411764705882,116.98903226495726,98
48h,228,0.8602941176470589,184.2592351289476,98
6h,34,0.8333333333333334,65.03472222222221,148
12h,90,0.7794117647058824,43.56816148148149,148
24h,175,0.7855392156862745,43.39429710982001,148
48h,340,0.7916666666666666,90.39179623902452,148
6h,35,0.8284313725490197,63.4404761904762,131
12h,80,0.803921568627451,24.571368650793648,131
24h,173,0.7879901960784313,23.44332319966583,131
48h,364,0.7769607843137255,25.754710201489942,131
6h,69,0.6617647058823529,48.560441228070175,129
12h,131,0.678921568627451,29.131926909090907,129
24h,246,0.6985294117647058,44.47081452098626,129
48h,486,0.7022058823529411,68.42099863323476,129
6h,32,0.8431372549019608,33.97689666666667,225
12h,65,0.8406862745098039,23.121685367965366,225
24h,145,0.8223039215686274,26.668738624936143,225
48h,271,0.8339460784313726,170.96823191156867,225
6h,38,0.8137254901960784,55.36076809523809,24
12h,89,0.7818627450980392,31.53749419191919,24
6h,38,0.8137254901960784,30.51805555555556,84
12h,84,0.7941176470588235,61.33439124579124,84
24h,182,0.7769607843137255,35.98792753623189,84
48h,366,0.7757352941176471,40.20993106995884,84
6h,33,0.8382352941176471,97.50833333333334,98
12h,70,0.8284313725490197,161.17276852272724,98
24h,152,0.8137254901960784,114.26001988727859,98
48h,334,0.7953431372549019,102.07937182852127,98
6h,69,0.6617647058823529,5.116249999999999,39
12h,110,0.7303921568627451,6.759253674242425,39
24h,212,0.7401960784313726,13.329390025633442,39
6h,48,0.7647058823529411,82.3075,88
12h,93,0.7720588235294118,37.16697359307359,88
24h,203,0.7512254901960784,26.580469938515595,88
48h,479,0.7064950980392157,687.3380327220867,88
6h,39,0.8088235294117647,57.219717333333335,72
12h,70,0.8284313725490197,164.94767445887445,72
24h,128,0.8431372549019608,116.73238796536798,72
48h,280,0.8284313725490197,83.33286183445637,72
6h,40,0.803921568627451,40.134523809523806,57
12h,83,0.7965686274509803,24.6564446969697,57
24h,189,0.7683823529411765,118.65103186206007,57
6h,39,0.8088235294117647,88.40868476190478,134
12h,81,0.8014705882352942,64.48326799242425,134
24h,193,0.7634803921568627,48.44521539408056,134
48h,368,0.7745098039215687,48.68373358675451,134
6h,40,0.803921568627451,200.2532333333333,15
6h,57,0.7205882352941176,50.161566666666666,98
12h,101,0.7524509803921569,93.76688512396694,98
24h,178,0.7818627450980392,90.35258250282327,98
48h,346,0.7879901960784313,300.48782364020076,98
6h,85,0.5833333333333334,86636.60969666668,24
12h,157,0.6151960784313726,283209.45433231315,24
6h,61,0.7009803921568627,91.76444444444445,24
12h,94,0.7696078431372549,78.1606446969697,24
6h,34,0.8333333333333334,121.36538733333335,21
6h,62,0.696078431372549,42.271902777777775,28
12h,82,0.7990196078431373,34.47508521825396,28
6h,41,0.7990196078431373,19.813333333333336,22
12h,73,0.821078431372549,44.71984292929292,22
6h,37,0.8186274509803921,25.293642592592594,65
12h,96,0.7647058823529411,11.80526454773297,65
24h,172,0.7892156862745098,15.91829196238544,65
48h,308,0.8112745098039216,14.709203407199016,65
6h,39,0.8088235294117647,41.19211190476191,71
12h,100,0.7549019607843137,51.300232672176314,71
24h,179,0.7806372549019608,53.40626915898111,71
48h,349,0.7861519607843137,189.43499161795623,71
6h,30,0.8529411764705882,7.113333333333334,103
12h,63,0.8455882352941176,25.066890909090912,103
24h,140,0.8284313725490197,23.74458303030303,103
48h,287,0.8241421568627451,65.0474788944163,103
6h,26,0.8725490196078431,4.286195238095238,18
6h,36,0.8235294117647058,179.99305399999997,33
12h,84,0.7941176470588235,85.85210681818181,33
24h,141,0.8272058823529411,68.59750598531902,33
6h,44,0.7843137254901961,48.9001880952381,18
6h,32,0.8431372549019608,15.791978666666669,244
12h,67,0.8357843137254902,22.95256103896104,244
24h,154,0.8112745098039216,23.406091701800616,244
48h,330,0.7977941176470589,207.6399735335861,244
6h,55,0.7303921568627451,384.69685238095235,88
12h,87,0.7867647058823529,356.3944001515152,88
24h,155,0.8100490196078431,668.3694762532467,88
48h,254,0.8443627450980392,532.1757612764325,88
6h,52,0.7450980392156863,82.05208333333333,29
12h,95,0.7671568627450981,123.4737334753788,29
6h,57,0.7205882352941176,46.477896666666666,123
12h,107,0.7377450980392157,21.282183484848485,123
24h,188,0.7696078431372549,23.353660301148125,123
48h,385,0.7640931372549019,56.94800405359151,123
6h,64,0.6862745098039216,23.67002,29
12h,124,0.696078431372549,38.367666550116546,29
6h,30,0.8529411764705882,54.604166666666664,51
12h,68,0.8333333333333334,43.64370168350168,51
24h,127,0.8443627450980392,29.267165333789016,51
6h,46,0.7745098039215687,42.45232,17
6h,69,0.6617647058823529,38.12536477272727,243
12h,142,0.6519607843137255,58.61437570861678,243
24h,192,0.7647058823529411,58.854960137844614,243
48h,323,0.8020833333333334,60.6541235001594,243
6h,35,0.8284313725490197,53.94027777777779,58
12h,71,0.8259803921568627,157.4398840909091,58
24h,157,0.8075980392156863,261.2006256058254,58
48h,310,0.8100490196078431,308.1717930761555,58
6h,55,0.7303921568627451,10.480733333333335,44
12h,94,0.7696078431372549,8.081823905723907,44
24h,181,0.7781862745098039,83.36893413164475,44
6h,28,0.8627450980392157,40.33140625,125
12h,82,0.7990196078431373,42.69966180555556,125
24h,162,0.8014705882352942,103.46826301907969,125
48h,321,0.8033088235294118,145.49186719839594,125
6h,27,0.8676470588235294,11.558499999999999,27
12h,80,0.803921568627451,15.299396017316019,27
6h,42,0.7941176470588235,185.37261904761903,238
12h,98,0.7598039215686274,112.15209924242424,238
24h,178,0.7818627450980392,87.20694710144929,238
48h,362,0.7781862745098039,193.52060485613907,238
6h,36,0.8235294117647058,226.74906666666666,25
12h,61,0.8504901960784313,136.29643766233767,25
6h,41,0.7990196078431373,7.031818181818181,61
12h,64,0.8431372549019608,9777.321866931217,61
24h,140,0.8284313725490197,46942.59708427418,61
48h,317,0.8057598039215687,283587.20043152204,61
6h,42,0.7941176470588235,41.30949285714285,43
12h,95,0.7671568627450981,93.24327045454544,43
24h,188,0.7696078431372549,41.38728860041408,43
6h,51,0.75,18.333333333333332,61
12h,92,0.7745098039215687,14.38259621212121,61
24h,176,0.7843137254901961,15.04705924430642,61
48h,364,0.7769607843137255,11.970389909775164,61
6h,48,0.7647058823529411,14.7827,16
6h,32,0.8431372549019608,51.594603888888884,47
12h,63,0.8455882352941176,50.11706502525252,47
24h,162,0.8014705882352942,152.23391339435543,47
6h,60,0.7058823529411765,19.115389393939395,210
12h,97,0.7622549019607843,66.07229240093241,210
24h,181,0.7781862745098039,79.61855454883282,210
48h,352,0.7843137254901961,135.87252244776963,210
6h,50,0.7549019607843137,8.919670833333333,35
12h,114,0.7205882352941176,21.766465426997243,35
24h,263,0.6776960784313726,38.045591144676585,35
6h,54,0.7352941176470589,41.393858333333334,24
12h,109,0.7328431372549019,33.820476953748006,24
6h,57,0.7205882352941176,49.89404761904762,40
12h,97,0.7622549019607843,64.09427481060607,40
24h,192,0.7647058823529411,71.46921465469136,40
6h,58,0.7156862745098039,39.21705923076923,220
12h,106,0.7401960784313726,44.92704912587413,220
24h,203,0.7512254901960784,233.52835613123997,220
48h,421,0.7420343137254902,289.9842944126331,220
6h,33,0.8382352941176471,47.98268611111112,103
12h,67,0.8357843137254902,36.96867619047619,103
24h,161,0.8026960784313726,32.11429835748792,103
48h,295,0.8192401960784313,109.09958701146064,103
6h,42,0.7941176470588235,48.933266666666675,82
12h,98,0.7598039215686274,170.43180030303031,82
24h,183,0.7757352941176471,65.99168050724639,82
48h,397,0.7567401960784313,125.17033301754499,82
6h,54,0.7352941176470589,34.69722222222222,58
12h,91,0.7769607843137255,28.66343512396694,58
24h,190,0.7671568627450981,65.10111161165223,58
48h,436,0.7328431372549019,91.3212530101751,58
6h,48,0.7647058823529411,48.94583333333333,26
12h,109,0.7328431372549019,12.939664502164502,26
6h,44,0.7843137254901961,8.332857142857142,94
12h,108,0.7352941176470589,253.60263199179295,94
24h,223,0.7267156862745098,173.79726025522302,94
48h,429,0.7371323529411765,124.85273654112363,94
6h,58,0.7156862745098039,54.19433333333334,21
12h,101,0.7524509803921569,73.15522418414918,21
6h,30,0.8529411764705882,20.896666666666665,25
12h,62,0.8480392156862745,25.510687373737372,25
6h,43,0.7892156862745098,70.33229166666668,132
12h,83,0.7965686274509803,95.79697878787877,132
24h,180,0.7794117647058824,45.672317768318635,132
48h,346,0.7879901960784313,35.84647963870566,132
6h,54,0.7352941176470589,12.556328124999999,105
12h,105,0.7426470588235294,39.02219992424243,105
24h,201,0.7536764705882353,22.091648007246377,105
48h,376,0.7696078431372549,15.758514834459186,105
6h,59,0.7107843137254902,59.18075833333334,28
12h,113,0.7230392156862745,21.930191586921854,28
6h,38,0.8137254901960784,154.5555555555556,209
12h,101,0.7524509803921569,49.741291800356514,209
24h,178,0.7818627450980392,52.530342514919006,209
48h,378,0.7683823529411765,84.07067300572795,209
6h,14,0.9313725490196079,9.383450000000002,80
12h,53,0.8700980392156863,89.54223482142858,80
24h,159,0.8051470588235294,53.453326437246965,80
48h,331,0.7971813725490197,88.53459969720684,80
6h,52,0.7450980392156863,138.92348333333334,86
12h,100,0.7549019607843137,451.83260106060595,86
24h,158,0.8063725490196079,464.69324167803404,86
48h,247,0.8486519607843137,725.8214577519722,86
6h,54,0.7352941176470589,10.62142857142857,141
12h,95,0.7671568627450981,13.784572253787882,141
24h,198,0.7573529411764706,15.981871178622963,141
48h,380,0.7671568627450981,45.011825212143286,141
6h,0,1.0,,72
12h,9,0.9779411764705882,,72
24h,93,0.8860294117647058,26.978741883116886,72
48h,305,0.8131127450980392,151.58908085287047,72
6h,39,0.8088235294117647,21.805555555555554,17
6h,33,0.8382352941176471,28.91208888888889,27
12h,63,0.8455882352941176,45.34187186147186,27
6h,44,0.7843137254901961,81.10013124999999,123
12h,90,0.7794117647058824,143.0478185185185,123
24h,167,0.7953431372549019,51.956451492546954,123
48h,293,0.8204656862745098,49.86548007651349,123
6h,34,0.8333333333333334,37.43105,68
12h,56,0.8627450980392157,45.62404363636363,68
24h,108,0.8676470588235294,39.27993260493129,68
48h,218,0.866421568627451,87.75857342254339,68
6h,33,0.8382352941176471,44.586131666666674,146
12h,46,0.8872549019607843,60.775574285714285,146
24h,64,0.9215686274509803,51.960560052910054,146
48h,177,0.8915441176470589,120.60028929223584,146
6h,94,0.5392156862745098,8.62135769230769,45
12h,159,0.6102941176470589,14.053880404040406,45
24h,293,0.6409313725490197,71.29767485808162,45
6h,59,0.7107843137254902,39.28472222222222,23
12h,110,0.7303921568627451,18.203364069264072,23
6h,46,0.7745098039215687,59.941566666666674,98
12h,88,0.7843137254901961,31.522777685950413,98
24h,192,0.7647058823529411,27.08783341421461,98
48h,366,0.7757352941176471,29.318304381654286,98
6h,42,0.7941176470588235,31.814275000000002,26
12h,81,0.8014705882352942,25.55858552188552,26
6h,33,0.8382352941176471,22.311111111111114,23
12h,88,0.7843137254901961,84.02044567099567,23
6h,40,0.803921568627451,104.62619047619047,126
12h,79,0.8063725490196079,71.87098636363636,126
24h,180,0.7794117647058824,40.94099507476421,126
48h,382,0.7659313725490197,52.73760190179459,126
6h,34,0.8333333333333334,15.898590476190476,174
12h,55,0.8651960784313726,17.91675151515151,174
24h,109,0.866421568627451,26.98213733619764,174
48h,256,0.8431372549019608,131.42811049601005,174
6h,54,0.7352941176470589,96.77419541666666,31
12h,103,0.7475490196078431,110.65791657196968,31
6h,47,0.7696078431372549,139.88919242424242,142
12h,85,0.7916666666666666,104.59659696969696,142
24h,198,0.7573529411764706,42.15045330182734,142
48h,395,0.7579656862745098,109.70142796131528,142
6h,56,0.7254901960784313,29.366666666666664,33
12h,104,0.7450980392156863,324.3916814022579,33
24h,194,0.7622549019607843,290.2186089194132,33
6h,38,0.8137254901960784,89.00620833333333,90
12h,97,0.7622549019607843,56.62279924242424,90
24h,186,0.7720588235294118,38.696875349383646,90
48h,382,0.7659313725490197,155.60088959409666,90
6h,38,0.8137254901960784,13.490277777777777,271
12h,79,0.8063725490196079,29.107765151515153,271
24h,150,0.8161764705882353,220.0449358530962,271
48h,319,0.8045343137254902,239.83764143320067,271
6h,39,0.8088235294117647,113.99462500000001,36
12h,82,0.7990196078431373,106.0282417929293,36
24h,200,0.7549019607843137,66.9188786290033,36
6h,38,0.8137254901960784,124.01666666666665,88
12h,76,0.8137254901960784,556.4787973484849,88
24h,157,0.8075980392156863,424.84458829757205,88
48h,319,0.8045343137254902,334.81111906904385,88
6h,49,0.7598039215686274,89.62666666666667,104
12h,87,0.7867647058823529,342.8750284090909,104
24h,167,0.7953431372549019,203.5610452898551,104
48h,340,0.7916666666666666,79.03988032664456,104
6h,63,0.6911764705882353,203.96248974358969,35
12h,114,0.7205882352941176,125.6121656881313,35
24h,209,0.7438725490196079,652.685077313017,35
6h,39,0.8088235294117647,197.54937500000003,27
12h,91,0.7769607843137255,202.1062121212121,27
6h,50,0.7549019607843137,46.81249999999999,39
12h,98,0.7598039215686274,179.01224517906334,39
24h,219,0.7316176470588235,360.61953213620393,39
6h,38,0.8137254901960784,39.99444444444445,61
12h,78,0.8088235294117647,37.41504734848485,61
24h,164,0.7990196078431373,42.358402626811596,61
48h,330,0.7977941176470589,25.379710601583206,61
6h,40,0.803921568627451,9.637619047619046,41
12h,81,0.8014705882352942,103.25283114478114,41
24h,183,0.7757352941176471,130.36664356996155,41
6h,54,0.7352941176470589,5.434374999999999,118
12h,98,0.7598039215686274,9.853219696969695,118
24h,183,0.7757352941176471,14.512838893731915,118
48h,362,0.7781862745098039,39.40359369009317,118
6h,38,0.8137254901960784,7.344444444444444,201
12h,77,0.8112745098039216,12.415123106060605,201
24h,155,0.8100490196078431,18.717135469602862,201
48h,313,0.8082107843137255,74.00557098008275,201
6h,52,0.7450980392156863,73.97738095238095,66
12h,92,0.7745098039215687,79.82302083333333,66
24h,165,0.7977941176470589,178.10608926218708,66
48h,322,0.8026960784313726,97.20047801438704,66
6h,50,0.7549019607843137,34.29333333333334,98
12h,87,0.7867647058823529,76.93082251082251,98
24h,175,0.7855392156862745,92.16755816170861,98
48h,338,0.7928921568627451,74.94483379964255,98
6h,37,0.8186274509803921,12.011111111111111,27
12h,75,0.8161764705882353,17.769507575757576,27
6h,57,0.7205882352941176,94.91488541666666,49
12h,102,0.75,99.17849195075758,49
24h,205,0.7487745098039216,120.43772734178863,49
6h,49,0.7598039215686274,25.14404761904762,144
12h,90,0.7794117647058824,39.645162337662335,144
24h,184,0.7745098039215687,44.18697119586606,144
48h,359,0.7800245098039216,68.46399174563847,144
6h,34,0.8333333333333334,19.63888888888889,218
12h,71,0.8259803921568627,20.69560606060606,218
24h,161,0.8026960784313726,57.24800906670969,218
48h,312,0.8088235294117647,92.34197804761364,218
6h,44,0.7843137254901961,295.73333333333335,16
6h,39,0.8088235294117647,30.66425925925926,114
12h,79,0.8063725490196079,49.62630511463845,114
24h,176,0.7843137254901961,170.95535920735196,114
48h,343,0.789828431372549,83.04965715883101,114
6h,58,0.7156862745098039,97.10685185185184,98
12h,88,0.7843137254901961,95.01444444444444,98
24h,214,0.7377450980392157,3585.8073551948055,98
48h,444,0.7279411764705882,220050.93779790474,98
6h,53,0.7401960784313726,42.185833333333335,41
12h,106,0.7401960784313726,43.22225906432749,41
24h,203,0.7512254901960784,52.261548641047064,41
6h,49,0.7598039215686274,10.900666666666666,260
12h,110,0.7303921568627451,33.756942866161616,260
24h,217,0.7340686274509803,25.79194778881492,260
48h,415,0.7457107843137255,99.88261224093941,260
6h,12,0.9411764705882353,,50
12h,43,0.8946078431372549,48.31472222222222,50
24h,99,0.8786764705882353,79.35935594787156,50
6h,40,0.803921568627451,85.98809523809526,86
12h,85,0.7916666666666666,278.6249226963513,86
24h,174,0.7867647058823529,120.07968577467217,86
48h,324,0.8014705882352942,466.2232204366478,86
6h,44,0.7843137254901961,85.14270833333332,36
12h,87,0.7867647058823529,52.510492424242415,36
24h,184,0.7745098039215687,200.41069169960474,36
6h,35,0.8284313725490197,122.68333333333334,40
12h,74,0.8186274509803921,161.8744696969697,40
24h,164,0.7990196078431373,93.54118043060001,40
6h,32,0.8431372549019608,27.754285714285714,56
12h,57,0.8602941176470589,34.113174603174606,56
24h,130,0.8406862745098039,71.24998120300752,56
6h,38,0.8137254901960784,43.0,109
12h,76,0.8137254901960784,26.755928030303032,109
24h,168,0.7941176470588235,48.94550625316712,109
48h,345,0.7886029411764706,111.36516726315166,109
6h,36,0.8235294117647058,130.57142857142858,49
12h,84,0.7941176470588235,145.95515873015873,49
24h,156,0.8088235294117647,102.62155391257295,49
6h,47,0.7696078431372549,30.67370833333333,53
12h,100,0.7549019607843137,28.02749763257576,53
24h,197,0.758578431372549,57.14431250862664,53
6h,49,0.7598039215686274,138.53154166666664,71
12h,113,0.7230392156862745,186.75993469696968,71
24h,207,0.7463235294117647,148.24108044865127,71
48h,421,0.7420343137254902,107.64427836718224,71
6h,53,0.7401960784313726,6.872285714285712,101
12h,98,0.7598039215686274,22.42160416666667,101
24h,184,0.7745098039215687,17.931909132081685,101
48h,362,0.7781862745098039,18.33840700418851,101
6h,43,0.7892156862745098,13.718333333333332,23
12h,104,0.7450980392156863,86.5749240530303,23
6h,33,0.8382352941176471,20.464285714285715,78
12h,69,0.8308823529411765,32.4784595959596,78
24h,145,0.8223039215686274,62.04108161027568,78
48h,315,0.8069852941176471,78.39733058194946,78
6h,40,0.803921568627451,189.49761904761905,102
12h,102,0.75,103.09937445887446,102
24h,175,0.7855392156862745,97.70577216261998,102
48h,364,0.7769607843137255,57.33455822895633,102
6h,39,0.8088235294117647,82.30238095238096,27
12h,80,0.803921568627451,1194.9121496212122,27
6h,36,0.8235294117647058,62.714285714285715,52
12h,69,0.8308823529411765,58.88723484848485,52
24h,148,0.8186274509803921,57.383333333333326,52
6h,42,0.7941176470588235,6.634999999999999,24
12h,84,0.7941176470588235,118.04220840220385,24
6h,8,0.9607843137254902,30.125,86
12h,33,0.9191176470588235,40.294444444444444,86
24h,121,0.8517156862745098,40.63912581699348,86
48h,303,0.8143382352941176,87.52372656755877,86
6h,32,0.8431372549019608,223.51666666666665,120
12h,82,0.7990196078431373,204.7039393939394,120
24h,158,0.8063725490196079,181.18683662714096,120
48h,319,0.8045343137254902,107.91996362711787,120
6h,69,0.6617647058823529,20.133166666666668,43
12h,131,0.678921568627451,29.991234659090914,43
24h,270,0.6691176470588235,28.976747130794106,43
6h,44,0.7843137254901961,49.666666666666664,34
12h,83,0.7965686274509803,117.54226325757574,34
24h,200,0.7549019607843137,35.63810899338992,34
6h,34,0.8333333333333334,81.86785714285715,26
12h,83,0.7965686274509803,65.38887537136067,26
6h,54,0.7352941176470589,77.23302083333334,320
12h,101,0.7524509803921569,110.14698456589707,320
24h,196,0.7598039215686274,84.42407870004392,320
48h,382,0.7659313725490197,116.20399226531032,320
6h,49,0.7598039215686274,203.81369791666668,138
12h,106,0.7401960784313726,88.1565560897436,138
24h,204,0.75,46.11008588079121,138
48h,395,0.7579656862745098,50.554330671187856,138
6h,48,0.7647058823529411,50.338888888888874,233
12h,93,0.7720588235294118,75.09327441077441,233
24h,219,0.7316176470588235,46.352255450663456,233
48h,440,0.7303921568627451,48.79037475817019,233
6h,56,0.7254901960784313,12.716874999999998,48
12h,93,0.7720588235294118,18.319747474747473,48
24h,186,0.7720588235294118,36.069958202323996,48
6h,47,0.7696078431372549,11.747708333333334,61
12h,100,0.7549019607843137,12.985995580808082,61
24h,176,0.7843137254901961,44.38659822201608,61
48h,395,0.7579656862745098,220.0119423274354,61
6h,51,0.75,562.4405520833334,44
12h,103,0.7475490196078431,228.6007866666667,44
24h,205,0.7487745098039216,167.2805537653809,44
6h,37,0.8186274509803921,67.83333333333333,30
12h,81,0.8014705882352942,40.23167386363636,30
6h,39,0.8088235294117647,10.06952380952381,72
12h,69,0.8308823529411765,57.26088023088023,72
24h,148,0.8186274509803921,102.1367565405609,72
48h,303,0.8143382352941176,90.99795227877736,72
6h,45,0.7794117647058824,51.864583333333336,25
12h,89,0.7818627450980392,41.125,25
6h,61,0.7009803921568627,15.535271666666668,28
12h,119,0.7083333333333334,249.5691575428195,28
6h,54,0.7352941176470589,84.14704166666667,39
12h,108,0.7352941176470589,54.08748910984849,39
24h,215,0.7365196078431373,184.53829394071477,39
6h,20,0.9019607843137255,1.7367333333333335,52
12h,55,0.8651960784313726,3.817053968253968,52
24h,107,0.8688725490196079,45.91630801212747,52
6h,50,0.7549019607843137,94.98916666666666,65
12h,93,0.7720588235294118,124.28531986531986,65
24h,174,0.7867647058823529,144.27692230273752,65
48h,394,0.758578431372549,97.7913931887842,65
6h,53,0.7401960784313726,34.41104629629629,25
12h,114,0.7205882352941176,76.95479627625461,25
6h,46,0.7745098039215687,9.171259259259259,16
6h,33,0.8382352941176471,19.785714285714285,16
6h,37,0.8186274509803921,33.94305555555555,132
12h,65,0.8406862745098039,261.3778539862915,132
24h,151,0.8149509803921569,317.38339834866747,132
48h,306,0.8125,188.14865869876988,132
6h,43,0.7892156862745098,14.469047619047618,128
12h,80,0.803921568627451,21.724260461760462,128
24h,167,0.7953431372549019,39.39780871761089,128
48h,322,0.8026960784313726,32.368340085611514,128
6h,38,0.8137254901960784,17.919444444444448,207
12h,81,0.8014705882352942,67.05685185185185,207
24h,182,0.7769607843137255,85.55128237865193,207
48h,373,0.7714460784313726,57.17583067023938,207
6h,71,0.6519607843137255,403.40250000000003,257
12h,100,0.7549019607843137,413.2300441919192,257
24h,195,0.7610294117647058,272.0518714794294,257
48h,397,0.7567401960784313,211.68015626859037,257
6h,47,0.7696078431372549,101.4790476190476,23
12h,101,0.7524509803921569,73.71686792929293,23
6h,32,0.8431372549019608,57.08261904761905,73
12h,68,0.8333333333333334,133.5123741883117,73
24h,157,0.8075980392156863,174.60712952898552,73
48h,311,0.8094362745098039,420.4588134592788,73
6h,51,0.75,79.62877380952379,86
12h,94,0.7696078431372549,94.87214962121212,86
24h,189,0.7683823529411765,204.8447662467062,86
48h,392,0.7598039215686274,65.90345818408046,86
6h,42,0.7941176470588235,18.58055555555556,92
12h,95,0.7671568627450981,66.20929292929293,92
24h,181,0.7781862745098039,106.22396187548364,92
48h,371,0.772671568627451,39.0618527930709,92
6h,10,0.9509803921568627,3.0,47
12h,16,0.9607843137254902,2.396388888888889,47
24h,27,0.9669117647058824,19.835,47
6h,48,0.7647058823529411,23.996458333333337,56
12h,92,0.7745098039215687,22.797388392857144,56
24h,186,0.7720588235294118,265.84568951406226,56
6h,53,0.7401960784313726,37.35,111
12h,98,0.7598039215686274,40.735612373737375,111
24h,201,0.7536764705882353,23.902824508595902,111
48h,399,0.7555147058823529,35.00748627055371,111
6h,47,0.7696078431372549,29.03333333333333,41
12h,86,0.7892156862745098,24.52233766233766,41
24h,149,0.8174019607843137,17.99934512987013,41
6h,33,0.8382352941176471,935.3787500000001,21
12h,57,0.8602941176470589,520.1202715608465,21
6h,38,0.8137254901960784,133.0142857142857,148
12h,78,0.8088235294117647,74.63204545454545,148
24h,163,0.8002450980392157,84.14603680699332,148
48h,333,0.7959558823529411,80.77817983520761,148
6h,56,0.7254901960784313,127.64783333333335,23
12h,95,0.7671568627450981,117.64720275482092,23
6h,33,0.8382352941176471,159.06516282051282,33
12h,87,0.7867647058823529,60.57249387755102,33
6h,61,0.7009803921568627,51.364592592592594,163
12h,124,0.696078431372549,190.98697619528622,163
24h,257,0.6850490196078431,110.9224775123253,163
48h,505,0.6905637254901961,87.60232947087893,163
6h,38,0.8137254901960784,39.21119047619048,117
12h,79,0.8063725490196079,74.46176704545455,117
24h,165,0.7977941176470589,110.59101872764914,117
48h,360,0.7794117647058824,7109.185042233033,117
6h,52,0.7450980392156863,468.399375,36
12h,94,0.7696078431372549,634.114628661616,36
24h,158,0.8063725490196079,460.36864540160923,36
6h,49,0.7598039215686274,47.09229166666667,54
12h,103,0.7475490196078431,80.13341130952382,54
24h,200,0.7549019607843137,58.64118710994383,54
6h,52,0.7450980392156863,29.138888888888896,47
12h,96,0.7647058823529411,56.058643578643576,47
24h,185,0.7732843137254902,92.58545563586907,47
6h,38,0.8137254901960784,172.12777777777777,22
12h,71,0.8259803921568627,339.64323863636366,22
6h,8,0.9607843137254902,,336
12h,15,0.9632352941176471,33.792142857142856,336
24h,31,0.9620098039215687,30.571979166666665,336
48h,101,0.9381127450980392,76.5688704004329,336
6h,33,0.8382352941176471,289.59285714285716,158
12h,84,0.7941176470588235,668.003713023088,158
24h,165,0.7977941176470589,455.84328818464144,158
48h,336,0.7941176470588235,243.02258232663857,158
6h,32,0.8431372549019608,36.18333333333333,38
12h,66,0.8382352941176471,42.39927398989899,38
24h,152,0.8137254901960784,66.01467049871054,38
6h,44,0.7843137254901961,106.58285714285714,112
12h,79,0.8063725490196079,89.72350649350649,112
24h,146,0.821078431372549,70.9519616750209,112
48h,310,0.8100490196078431,831.1265138105551,112
6h,47,0.7696078431372549,262.75714285714287,18
6h,45,0.7794117647058824,36.844791666666666,57
12h,83,0.7965686274509803,39.32685606060606,57
24h,179,0.7806372549019608,55.3997449719018,57
6h,48,0.7647058823529411,18.572222222222223,70
12h,81,0.8014705882352942,44.64803030303031,70
24h,144,0.8235294117647058,47.30730586883877,70
48h,307,0.8118872549019608,26.490287307213233,70
6h,50,0.7549019607843137,33.210833333333326,82
12h,88,0.7843137254901961,43.03227272727272,82
24h,166,0.7965686274509803,122.14384310300208,82
48h,341,0.7910539215686274,81.54863167107249,82
6h,0,1.0,,22
12h,32,0.9215686274509803,34.28333333333333,22
6h,49,0.7598039215686274,260.7895833333333,42
12h,99,0.7573529411764706,374.38540404040407,42
24h,213,0.7389705882352942,346.50619539337475,42
6h,50,0.7549019607843137,44.937083333333334,22
12h,104,0.7450980392156863,23.967920409982174,22
6h,38,0.8137254901960784,292.64285714285717,36
12h,76,0.8137254901960784,203.89181502525253,36
24h,164,0.7990196078431373,130.1466989646015,36
6h,49,0.7598039215686274,76.6634074074074,70
12h,99,0.7573529411764706,51.029023569023565,70
24h,226,0.7230392156862745,40.701920092450685,70
48h,460,0.7181372549019608,49.15906717297529,70
6h,40,0.803921568627451,829.6964583333333,39
12h,64,0.8431372549019608,505.7165372474748,39
24h,121,0.8517156862745098,407.2203217052072,39
6h,36,0.8235294117647058,70.7611111111111,21
6h,45,0.7794117647058824,29.056666666666665,119
12h,100,0.7549019607843137,42.92352693602694,119
24h,192,0.7647058823529411,56.352310144927536,119
48h,376,0.7696078431372549,28.202877845146883,119
6h,43,0.7892156862745098,61.369523809523805,92
12h,75,0.8161764705882353,118.08587121212122,92
24h,158,0.8063725490196079,210.35372480237154,92
48h,316,0.8063725490196079,253.20336024425777,92
6h,42,0.7941176470588235,27.03333333333333,23
12h,97,0.7622549019607843,40.44366262626262,23
6h,49,0.7598039215686274,10.4375,42
12h,86,0.7892156862745098,7.807835497835498,42
24h,148,0.8186274509803921,13.376418136424531,42
6h,60,0.7058823529411765,33.555703703703706,28
12h,105,0.7426470588235294,38.94614478114478,28
6h,36,0.8235294117647058,68.21119047619047,32
12h,74,0.8186274509803921,56.192727272727275,32
6h,18,0.9117647058823529,,148
12h,68,0.8333333333333334,260.8283982683983,148
24h,158,0.8063725490196079,130.8709195345174,148
48h,358,0.7806372549019608,167.37677417437737,148
6h,39,0.8088235294117647,153.19166666666666,16
6h,36,0.8235294117647058,7.9525,37
12h,68,0.8333333333333334,382.60861471861466,37
24h,152,0.8137254901960784,349.66297203194085,37
6h,64,0.6862745098039216,31.885741025641025,92
12h,97,0.7622549019607843,29.938988961038962,92
24h,170,0.7916666666666666,38.411810342555995,92
48h,341,0.7910539215686274,49.524133438634315,92
6h,37,0.8186274509803921,74.09027777777777,33
12h,64,0.8431372549019608,49.874201388888885,33
6h,45,0.7794117647058824,41.667857142857144,19
6h,39,0.8088235294117647,18.698809523809526,32
12h,77,0.8112745098039216,16.458655303030305,32
6h,51,0.75,39.710520833333334,40
12h,90,0.7794117647058824,56.64729166666666,40
24h,189,0.7683823529411765,1591.9157261622438,40
6h,3,0.9852941176470589,764.3333333333333,21
6h,53,0.7401960784313726,39.9512962962963,46
12h,94,0.7696078431372549,33.88087303030303,46
24h,173,0.7879901960784313,32.80534678743961,46
6h,38,0.8137254901960784,61.00428571428571,48
12h,71,0.8259803921568627,78.6544007034632,48
24h,153,0.8125,138.357331085448,48
6h,39,0.8088235294117647,16.15309523809524,48
12h,76,0.8137254901960784,15.423203463203464,48
24h,159,0.8051470588235294,43.68129565217391,48
6h,49,0.7598039215686274,35.745714285714286,188
12h,87,0.7867647058823529,145.8416287878788,188
24h,160,0.803921568627451,154.60569621682666,188
48h,310,0.8100490196078431,144.54634753872676,188
6h,44,0.7843137254901961,64.32346874999999,56
12h,98,0.7598039215686274,105.69242424242424,56
24h,179,0.7806372549019608,174.06222404558002,56
6h,39,0.8088235294117647,348.01309523809533,60
12h,74,0.8186274509803921,165.75064393939394,60
24h,165,0.7977941176470589,189.90728864956554,60
48h,341,0.7910539215686274,277.4998700214338,60
6h,50,0.7549019607843137,78.45833333333333,27
12h,96,0.7647058823529411,71.427601010101,27
6h,52,0.7450980392156863,71.50307407407406,130
12h,102,0.75,76.93909932659932,130
24h,198,0.7573529411764706,104.24658303817395,130
48h,389,0.7616421568627451,55.78440860793633,130
6h,44,0.7843137254901961,44.21833333333333,17
6h,44,0.7843137254901961,80.39285714285714,131
12h,85,0.7916666666666666,54.90966329966329,131
24h,179,0.7806372549019608,294.1087212668254,131
48h,344,0.7892156862745098,1180.9180834598121,131
6h,57,0.7205882352941176,77.76240740740741,91
12h,101,0.7524509803921569,55.26469696969697,91
24h,189,0.7683823529411765,67.64783988957902,91
48h,365,0.7763480392156863,40.20770836342594,91
6h,37,0.8186274509803921,21.04952380952381,56
12h,71,0.8259803921568627,27.081623376623376,56
24h,144,0.8235294117647058,28.175585652442795,56
6h,50,0.7549019607843137,23.224250000000005,33
12h,117,0.7132352941176471,22.638901262626263,33
6h,46,0.7745098039215687,43.91,157
12h,72,0.8235294117647058,331.6546378968255,157
24h,122,0.8504901960784313,981.5395382937068,157
48h,272,0.8333333333333334,5782.847947586017,157
6h,14,0.9313725490196079,8.717142857142857,48
12h,21,0.9485294117647058,10.430476190476188,48
24h,43,0.9473039215686274,54.73642857142857,48
6h,48,0.7647058823529411,12.091703703703702,36
12h,96,0.7647058823529411,40.54496329004329,36
24h,213,0.7389705882352942,44.887709000929625,36
6h,39,0.8088235294117647,59.55138888888889,21
6h,34,0.8333333333333334,37.25138888888889,69
12h,83,0.7965686274509803,105.33078282828282,69
24h,143,0.8247549019607843,94.31397673104331,69
48h,300,0.8161764705882353,164.34669152327456,69
6h,53,0.7401960784313726,25.952211538461537,84
12h,111,0.7279411764705882,24.88475136183261,84
24h,162,0.8014705882352942,130.6458216117699,84
48h,236,0.8553921568627451,114.22715949031202,84
6h,48,0.7647058823529411,395.4166666666667,77
12h,94,0.7696078431372549,148.04805495580808,77
24h,189,0.7683823529411765,99.8277444317736,77
48h,377,0.7689950980392157,112.60445920684806,77
6h,38,0.8137254901960784,124.83055555555556,79
12h,76,0.8137254901960784,1100.2418831168832,79
24h,166,0.7965686274509803,521.729908185112,79
48h,332,0.7965686274509803,147.42081282784224,79
6h,29,0.8578431372549019,46.86666666666666,64
12h,68,0.8333333333333334,56.467702535559674,64
24h,142,0.8259803921568627,32.075966403966405,64
48h,283,0.8265931372549019,2394.7730329679157,64
6h,55,0.7303921568627451,13.089708333333334,43
12h,109,0.7328431372549019,20.547192803030303,43
24h,186,0.7720588235294118,15.26335847763348,43
6h,41,0.7990196078431373,115.57337500000001,34
12h,91,0.7769607843137255,140.80710585071495,34
24h,188,0.7696078431372549,269.70004218942563,34
6h,46,0.7745098039215687,49.88611111111111,99
12h,83,0.7965686274509803,156.91432900432898,99
24h,160,0.803921568627451,181.3151029314888,99
48h,314,0.8075980392156863,178.76606331514523,99
6h,65,0.6813725490196079,16.00452,96
12h,124,0.696078431372549,10.807440074659642,96
24h,230,0.7181372549019608,12.285723358108493,96
48h,426,0.7389705882352942,21.366697097018648,96
6h,46,0.7745098039215687,57.64625,25
12h,85,0.7916666666666666,167.6192760942761,25
6h,38,0.8137254901960784,20.0875,64
12h,75,0.8161764705882353,14.461049783549784,64
24h,161,0.8026960784313726,10.01499320652174,64
48h,324,0.8014705882352942,70.39166554540719,64
6h,37,0.8186274509803921,24.300476190476193,44
12h,68,0.8333333333333334,90.9920202020202,44
24h,160,0.803921568627451,162.88422590292154,44
6h,52,0.7450980392156863,46.18116111111111,15
6h,14,0.9313725490196079,84.06857142857143,23
12h,24,0.9411764705882353,620.7045833333332,23
6h,9,0.9558823529411765,0.3333333333333333,252
12h,22,0.946078431372549,7.02375,252
24h,46,0.9436274509803921,30.178068452380955,252
48h,138,0.9154411764705882,58.07356846990037,252
6h,41,0.7990196078431373,71.26828571428571,54
12h,84,0.7941176470588235,61.69936363636363,54
24h,182,0.7769607843137255,67.93397344955768,54
6h,48,0.7647058823529411,4.992161458333333,38
12h,97,0.7622549019607843,186.0854283910534,38
24h,194,0.7622549019607843,1203.57329015911,38
6h,47,0.7696078431372549,10.29475,205
12h,87,0.7867647058823529,661.7047492784991,205
24h,173,0.7879901960784313,237.58993425192423,205
48h,350,0.7855392156862745,113.94420360765052,205
6h,29,0.8578431372549019,60.94722222222222,16
6h,52,0.7450980392156863,30.025625,93
12h,90,0.7794117647058824,26.60742424242424,93
24h,170,0.7916666666666666,41.943954911433174,93
48h,333,0.7959558823529411,35.779850802996584,93
6h,52,0.7450980392156863,47.61190476190476,96
12h,97,0.7622549019607843,54.31641774891774,96
24h,173,0.7879901960784313,80.91634847345638,96
48h,339,0.7922794117647058,75.89007338685978,96
6h,55,0.7303921568627451,22.549285714285713,18
6h,46,0.7745098039215687,11.883125,101
12h,104,0.7450980392156863,56.51930134680134,101
24h,195,0.7610294117647058,70.85253971014492,101
48h,393,0.7591911764705882,37.276044875822286,101
6h,66,0.6764705882352942,43.96141333333333,108
12h,123,0.6985294117647058,23.919937787698412,108
24h,225,0.7242647058823529,21.24664981190625,108
48h,438,0.7316176470588235,42.22217117272913,108
6h,35,0.8284313725490197,9.299999999999999,190
12h,87,0.7867647058823529,10.909715909090906,190
24h,170,0.7916666666666666,473.67289177489175,190
48h,362,0.7781862745098039,361.04366077826324,190
6h,37,0.8186274509803921,88.12916666666668,34
12h,76,0.8137254901960784,99.74946022727272,34
24h,166,0.7965686274509803,87.53191308465087,34
6h,26,0.8725490196078431,350.22222222222223,36
12h,64,0.8431372549019608,342.32650793650794,36
24h,128,0.8431372549019608,196.71384342105262,36
6h,60,0.7058823529411765,203.75,22
12h,112,0.7254901960784313,79.43763119769119,22
6h,44,0.7843137254901961,27.961190476190477,18
6h,49,0.7598039215686274,121.03666666666666,46
12h,88,0.7843137254901961,289.26150432900437,46
24h,167,0.7953431372549019,182.632652448397,46
6h,34,0.8333333333333334,32.64,307
12h,72,0.8235294117647058,40.83487373737374,307
24h,162,0.8014705882352942,87.87043337097683,307
48h,341,0.7910539215686274,90.3241374135887,307
6h,37,0.8186274509803921,37.922222222222224,206
12h,75,0.8161764705882353,63.00774891774891,206
24h,161,0.8026960784313726,74.83063457556936,206
48h,322,0.8026960784313726,56.4776972365499,206
6h,43,0.7892156862745098,12.133047619047618,33
12h,86,0.7892156862745098,38.72628787878788,33
6h,47,0.7696078431372549,237.54388888888894,70
12h,92,0.7745098039215687,216.37945286195284,70
24h,190,0.7671568627450981,231.17182124072906,70
48h,374,0.7708333333333334,1113.766997849155,70
6h,41,0.7990196078431373,1.9275000000000002,26
12h,96,0.7647058823529411,79.31804545454546,26
6h,39,0.8088235294117647,9.464761904761904,90
12h,76,0.8137254901960784,18.620416666666667,90
24h,152,0.8137254901960784,51.504915807923965,90
48h,319,0.8045343137254902,85.49611247409698,90
6h,49,0.7598039215686274,55.34285714285714,62
12h,106,0.7401960784313726,57.85711545454545,62
24h,196,0.7598039215686274,65.05812729813665,62
48h,379,0.7677696078431373,100.47383019296548,62
6h,45,0.7794117647058824,50.248958333333334,62
12h,88,0.7843137254901961,39.61797979797979,62
24h,197,0.758578431372549,81.90241059664972,62
48h,407,0.7506127450980392,47.36938352663869,62
6h,52,0.7450980392156863,27.983000000000004,55
12h,104,0.7450980392156863,30.71565903679654,55
24h,176,0.7843137254901961,30.190821550912858,55
6h,49,0.7598039215686274,30.600000000000005,40
12h,88,0.7843137254901961,19.108693181818182,40
24h,161,0.8026960784313726,27.42899094202898,40
6h,51,0.75,145.18952083333335,131
12h,102,0.75,159.78996572871574,131
24h,213,0.7389705882352942,138.41411778713757,131
48h,442,0.7291666666666666,88.55445371361515,131
6h,7,0.9656862745098039,,63
12h,21,0.9485294117647058,9.011904761904761,63
24h,66,0.9191176470588235,53.27534013605442,63
48h,182,0.8884803921568627,119.61173774173359,63
6h,42,0.7941176470588235,6.375277777777778,29
12h,107,0.7377450980392157,20.75537084175084,29
6h,40,0.803921568627451,541.484375,164
12h,79,0.8063725490196079,401.5355208333333,164
24h,165,0.7977941176470589,606.7710624588274,164
48h,337,0.7935049019607843,203.45011241229219,164
6h,55,0.7303921568627451,5.7645833333333325,113
12h,99,0.7573529411764706,41.065875420875415,113
24h,189,0.7683823529411765,58.0588911088911,113
48h,396,0.7573529411764706,69.1118036052342,113
6h,42,0.7941176470588235,101.79444444444444,80
12h,80,0.803921568627451,58.61841189674523,80
24h,187,0.7708333333333334,81.65690308756547,80
48h,376,0.7696078431372549,90.43418425499422,80
6h,79,0.6127450980392157,47.97188333333334,35
12h,125,0.6936274509803921,67.11561552353896,35
24h,237,0.7095588235294118,79.30892488968459,35
6h,8,0.9607843137254902,,31
12h,21,0.9485294117647058,,31
6h,33,0.8382352941176471,79.4357142857143,58
12h,53,0.8700980392156863,107.35168898809525,58
24h,136,0.8333333333333334,219.01709377610692,58
48h,291,0.8216911764705882,89.85979058846462,58
6h,53,0.7401960784313726,20.51448809523809,163
12h,95,0.7671568627450981,15.575662878787877,163
24h,193,0.7634803921568627,14.266289276055755,163
48h,397,0.7567401960784313,65.40256067221169,163
6h,38,0.8137254901960784,24.55,248
12h,76,0.8137254901960784,48.50815340909091,248
24h,166,0.7965686274509803,54.63453061551974,248
48h,365,0.7763480392156863,55.112412588933196,248
6h,41,0.7990196078431373,266.32083333333327,16
6h,31,0.8480392156862745,11.950000000000001,28
12h,79,0.8063725490196079,40.431266835016835,28
6h,46,0.7745098039215687,28.337380952380954,92
12h,121,0.7034313725490197,41.38608742042271,92
24h,202,0.7524509803921569,40.25986156241443,92
48h,351,0.7849264705882353,112.44083512135003,92
6h,26,0.8725490196078431,18.861515151515153,29
12h,70,0.8284313725490197,26.803015873015873,29
6h,46,0.7745098039215687,92.80952380952381,38
12h,82,0.7990196078431373,818.8090909090911,38
24h,145,0.8223039215686274,1613.9742077540106,38
6h,50,0.7549019607843137,251.12235694444448,130
12h,97,0.7622549019607843,181.21309390331888,130
24h,186,0.7720588235294118,111.43702959244702,130
48h,355,0.7824754901960784,68.60837440172232,130
6h,34,0.8333333333333334,78.875625,27
12h,86,0.7892156862745098,177.71543290043292,27
6h,53,0.7401960784313726,64.85238095238095,61
12h,91,0.7769607843137255,98.52801136363637,61
24h,181,0.7781862745098039,51.03314894268774,61
48h,345,0.7886029411764706,131.1804597947093,61
6h,54,0.7352941176470589,45.795833333333334,93
12h,97,0.7622549019607843,53.3769696969697,93
24h,196,0.7598039215686274,62.80578662531616,93
48h,393,0.7591911764705882,190.06413445378118,93
6h,36,0.8235294117647058,95.40555555555555,45
12h,66,0.8382352941176471,49.667132435465774,45
24h,140,0.8284313725490197,87.65275572867678,45
6h,65,0.6813725490196079,47.05828,37
12h,128,0.6862745098039216,33.482666252525256,37
24h,283,0.6531862745098039,512.6398430404589,37
6h,33,0.8382352941176471,11.466666666666667,16
6h,46,0.7745098039215687,20.18880952380952,21
12h,76,0.8137254901960784,15.076647727272725,21
6h,38,0.8137254901960784,53.01428571428572,20
6h,45,0.7794117647058824,112.1061111111111,108
12h,89,0.7818627450980392,112.44113636363636,108
24h,193,0.7634803921568627,139.4724705021227,108
48h,362,0.7781862745098039,96.28605959394822,108
6h,40,0.803921568627451,835.1108333333334,31
12h,78,0.8088235294117647,521.6957954545454,31
6h,39,0.8088235294117647,51.90138888888888,45
12h,78,0.8088235294117647,65.04915719696969,45
24h,167,0.7953431372549019,72.34522070393375,45
6h,25,0.8774509803921569,54.92857142857142,45
12h,75,0.8161764705882353,83.02219696969696,45
24h,142,0.8259803921568627,127.99047765275586,45
6h,36,0.8235294117647058,46.23452380952381,82
12h,67,0.8357843137254902,191.24037037037036,82
24h,158,0.8063725490196079,115.32240981240982,82
48h,346,0.7879901960784313,82.51893977653417,82
6h,41,0.7990196078431373,7.2317857142857145,105
12h,85,0.7916666666666666,320.97519841269843,105
24h,180,0.7794117647058824,165.6242628768376,105
48h,345,0.7886029411764706,93.32951696637475,105
6h,38,0.8137254901960784,63.899375,298
12h,69,0.8308823529411765,75.96539321789322,298
24h,157,0.8075980392156863,80.53165856742893,298
48h,348,0.7867647058823529,60.89894603619561,298
6h,40,0.803921568627451,14.393519696969696,106
12h,91,0.7769607843137255,28.755567171717168,106
24h,170,0.7916666666666666,20.451047894858764,106
48h,330,0.7977941176470589,19.688087945472283,106
6h,43,0.7892156862745098,112.23462962962964,55
12h,86,0.7892156862745098,148.61045454545456,55
24h,188,0.7696078431372549,115.28589577294686,55
6h,45,0.7794117647058824,80.96249999999999,40
12h,93,0.7720588235294118,170.29642586580087,40
24h,207,0.7463235294117647,69.86241544141625,40
6h,42,0.7941176470588235,24.56190476190476,18
6h,45,0.7794117647058824,446.0041666666667,213
12h,87,0.7867647058823529,321.3188818993507,213
24h,175,0.7855392156862745,349.02834793829356,213
48h,367,0.7751225490196079,384.6515344790121,213
6h,38,0.8137254901960784,53.45166666666667,23
12h,89,0.7818627450980392,65.83408143939394,23
6h,37,0.8186274509803921,26.194444444444443,192
12h,63,0.8455882352941176,25.385079365079367,192
24h,125,0.8468137254901961,37.20929131652661,192
48h,269,0.835171568627451,51.74873662365899,192
6h,37,0.8186274509803921,88.19638888888889,123
12h,77,0.8112745098039216,82.91991021324355,123
24h,172,0.7892156862745098,96.37015167199951,123
48h,351,0.7849264705882353,52.45922113119403,123
6h,44,0.7843137254901961,24.617499999999996,27
12h,85,0.7916666666666666,33.65156881313131,27
6h,36,0.8235294117647058,98.90555555555557,53
12h,73,0.821078431372549,72.37464646464647,53
24h,157,0.8075980392156863,56.91478458916285,53
6h,57,0.7205882352941176,236.43611111111113,37
12h,116,0.7156862745098039,171.4087858866442,37
24h,166,0.7965686274509803,142.66332132275133,37
6h,39,0.8088235294117647,18.792380952380956,137
12h,78,0.8088235294117647,28.42855912698412,137
24h,169,0.7928921568627451,29.65680567381657,137
48h,329,0.7984068627450981,235.36327576206355,137
6h,38,0.8137254901960784,43.49714285714286,205
12h,74,0.8186274509803921,1059.191957070707,205
24h,156,0.8088235294117647,794.8781724308301,205
48h,317,0.8057598039215687,215.16983935653434,205
6h,34,0.8333333333333334,34.4397619047619,66
12h,65,0.8406862745098039,41.3612987012987,66
24h,150,0.8161764705882353,60.86618845285151,66
48h,302,0.8149509803921569,41.0494125735207,66
6h,57,0.7205882352941176,49.33458333333333,42
12h,114,0.7205882352941176,47.105269522144525,42
24h,214,0.7377450980392157,46.65346353501571,42
6h,23,0.8872549019607843,15.715277777777777,59
12h,53,0.8700980392156863,24.926181972789117,59
24h,141,0.8272058823529411,51.28294519822283,59
48h,300,0.8161764705882353,372.74480701754004,59
6h,49,0.7598039215686274,16.891949999999998,113
12h,85,0.7916666666666666,39.921742424242424,113
24h,189,0.7683823529411765,51.75297607480239,113
48h,389,0.7616421568627451,52.82728954998299,113
6h,38,0.8137254901960784,90.79444444444444,61
12h,79,0.8063725490196079,545.6188973063975,61
24h,170,0.7916666666666666,425.53791143317227,61
48h,326,0.8002450980392157,158.05113087843836,61
6h,37,0.8186274509803921,185.36142857142858,174
12h,69,0.8308823529411765,395.6068030753968,174
24h,146,0.821078431372549,168.72425237810435,174
48h,291,0.8216911764705882,163.15445125066165,174
6h,55,0.7303921568627451,16.689238095238093,206
12h,97,0.7622549019607843,18.29636994949495,206
24h,188,0.7696078431372549,24.58423410628019,206
48h,371,0.772671568627451,78.40097481085546,206
6h,38,0.8137254901960784,88.0111111111111,53
12h,76,0.8137254901960784,64.0289393939394,53
24h,164,0.7990196078431373,134.90419701086955,53
6h,56,0.7254901960784313,88.59329761904762,96
12h,117,0.7132352941176471,51.70172803030303,96
24h,221,0.7291666666666666,36.87576740623105,96
48h,440,0.7303921568627451,65.09499491503372,96
6h,45,0.7794117647058824,241.15354166666665,95
12h,92,0.7745098039215687,345.76819023569027,95
24h,184,0.7745098039215687,244.06141390091386,95
48h,379,0.7677696078431373,158.0754072856595,95
6h,38,0.8137254901960784,10.193333333333333,46
12h,78,0.8088235294117647,142.78595643939394,46
24h,160,0.803921568627451,262.125073698946,46
6h,49,0.7598039215686274,46.54095238095238,82
12h,88,0.7843137254901961,42.829810606060605,82
24h,165,0.7977941176470589,50.218478260869574,82
48h,324,0.8014705882352942,24.221230634279895,82
6h,45,0.7794117647058824,34.03916666666667,256
12h,82,0.7990196078431373,26.15509090909091,256
24h,188,0.7696078431372549,100.71121665019763,256
48h,389,0.7616421568627451,69.34172359728836,256
6h,38,0.8137254901960784,31.568333333333328,115
12h,86,0.7892156862745098,91.53580086580087,115
24h,160,0.803921568627451,123.30772467885376,115
48h,320,0.803921568627451,60.78391237306252,115
6h,30,0.8529411764705882,61.20666666666667,41
12h,71,0.8259803921568627,27.78635786435787,41
24h,179,0.7806372549019608,51.03101762343936,41
6h,69,0.6617647058823529,56.309026190476196,240
12h,119,0.7083333333333334,81.46363842424243,240
24h,211,0.741421568627451,80.07296778232636,240
48h,400,0.7549019607843137,101.17947972404426,240
6h,50,0.7549019607843137,35.55028571428572,35
12h,91,0.7769607843137255,27.63799930555556,35
24h,179,0.7806372549019608,43.31515134454656,35
6h,64,0.6862745098039216,332.0475,188
12h,118,0.7107843137254902,191.71679726678553,188
24h,234,0.7132352941176471,163.74721752293382,188
48h,405,0.7518382352941176,146.9822747057916,188
6h,63,0.6911764705882353,39.10843833333333,47
12h,137,0.6642156862745098,20.885365725108223,47
24h,251,0.6924019607843137,77.62892607035202,47
6h,37,0.8186274509803921,40.59305555555556,49
12h,72,0.8235294117647058,28.323737373737373,49
24h,156,0.8088235294117647,67.6809482767635,49
6h,31,0.8480392156862745,219.80277777777778,134
12h,65,0.8406862745098039,246.12874999999997,134
24h,132,0.8382352941176471,261.6310457868155,134
48h,263,0.8388480392156863,191.27311924844548,134
6h,39,0.8088235294117647,22.83452380952381,22
12h,80,0.803921568627451,139.8990202020202,22
6h,78,0.6176470588235294,62.79138125,19
6h,51,0.75,250.42250000000004,35
12h,97,0.7622549019607843,192.0194304152637,35
24h,183,0.7757352941176471,804.0143982303928,35
6h,39,0.8088235294117647,150.125,101
12h,87,0.7867647058823529,4740.77887310606,101
24h,168,0.7941176470588235,3379.817084999647,101
48h,330,0.7977941176470589,2085.576004134797,101
6h,36,0.8235294117647058,11.336714285714285,38
12h,78,0.8088235294117647,225.1746057449495,38
24h,157,0.8075980392156863,204.29425804093563,38
6h,48,0.7647058823529411,60.57809523809524,34
12h,85,0.7916666666666666,64.02722222222222,34
24h,166,0.7965686274509803,31.91355611654851,34
6h,34,0.8333333333333334,23.16111111111111,44
12h,74,0.8186274509803921,23.87090909090909,44
24h,148,0.8186274509803921,51.18194640504423,44
6h,33,0.8382352941176471,34.6,19
6h,21,0.8970588235294118,11.87095238095238,50
12h,28,0.9313725490196079,11.831428571428571,50
24h,53,0.9350490196078431,20.105115646258504,50
6h,37,0.8186274509803921,87.47857142857141,77
12h,86,0.7892156862745098,153.56067234848484,77
24h,152,0.8137254901960784,134.6211436694503,77
48h,316,0.8063725490196079,74.03647688770131,77
6h,39,0.8088235294117647,54.603571428571435,39
12h,64,0.8431372549019608,50.40597222222222,39
24h,141,0.8272058823529411,33.6676369047619,39
6h,46,0.7745098039215687,62.49729166666667,22
12h,81,0.8014705882352942,65.69446067821069,22
6h,36,0.8235294117647058,313.68750000000006,102
12h,84,0.7941176470588235,183.90688131313132,102
24h,160,0.803921568627451,102.88682971014494,102
48h,322,0.8026960784313726,170.9959448208287,102
6h,44,0.7843137254901961,35.239285714285714,53
12h,91,0.7769607843137255,58.24912457912457,53
24h,193,0.7634803921568627,78.85078369565217,53
6h,51,0.75,26.16179743589743,84
12h,86,0.7892156862745098,42.73542797202798,84
24h,175,0.7855392156862745,27.122402162933685,84
48h,330,0.7977941176470589,50.35724204897529,84
6h,45,0.7794117647058824,10.606857142857143,67
12h,83,0.7965686274509803,37.00903787878788,67
24h,158,0.8063725490196079,53.95108825814536,67
48h,355,0.7824754901960784,73.0071729581772,67
6h,40,0.803921568627451,36.4375,27
12h,93,0.7720588235294118,61.40482954545454,27
6h,33,0.8382352941176471,26.699999999999996,73
12h,69,0.8308823529411765,21.616597222222225,73
24h,154,0.8112745098039216,68.08381114824098,73
48h,338,0.7928921568627451,70.9054177174184,73
6h,36,0.8235294117647058,76.38055555555555,74
12h,66,0.8382352941176471,69.6107215007215,74
24h,165,0.7977941176470589,51.06067253563302,74
48h,329,0.7984068627450981,56.82949118005413,74
6h,48,0.7647058823529411,89.56527777777778,19
6h,41,0.7990196078431373,127.9904761904762,208
12h,85,0.7916666666666666,382.3529461279461,208
24h,165,0.7977941176470589,288.85615688393335,208
48h,339,0.7922794117647058,115.29741472368848,208
6h,39,0.8088235294117647,5.009047619047619,107
12h,68,0.8333333333333334,193.11196022727273,107
24h,142,0.8259803921568627,489.2679295885274,107
48h,294,0.8198529411764706,212.39242985299538,107
6h,47,0.7696078431372549,109.450625,17
6h,37,0.8186274509803921,389.6528571428571,180
12h,70,0.8284313725490197,445.4582828282828,180
24h,146,0.821078431372549,300.2594509946271,180
48h,286,0.8247549019607843,127.19572821872666,180
6h,40,0.803921568627451,98.30964285714286,122
12h,73,0.821078431372549,57.95572916666667,122
24h,129,0.8419117647058824,40.14188071895425,122
48h,278,0.8296568627450981,365.2730549238948,122
6h,52,0.7450980392156863,13.896851851851855,90
12h,93,0.7720588235294118,10.876610586383315,90
24h,196,0.7598039215686274,12.422133408029879,90
48h,398,0.7561274509803921,53.04574818256779,90
6h,55,0.7303921568627451,8.120238095238095,139
12h,99,0.7573529411764706,23.268901515151516,139
24h,184,0.7745098039215687,50.34452441077441,139
48h,394,0.758578431372549,60.12282913186687,139
6h,41,0.7990196078431373,275.6933333333333,103
12h,80,0.803921568627451,452.74896780303027,103
24h,167,0.7953431372549019,338.2405170232344,103
48h,336,0.7941176470588235,191.9495326525065,103
6h,39,0.8088235294117647,5.883333333333333,114
12h,81,0.8014705882352942,37.70989393939394,114
24h,156,0.8088235294117647,61.168378919631095,114
48h,332,0.7965686274509803,61.602571430951954,114
6h,50,0.7549019607843137,87.21437499999999,138
12h,90,0.7794117647058824,55.03230515873016,138
24h,203,0.7512254901960784,117.77924529301445,138
48h,421,0.7420343137254902,75.06549537697127,138
6h,49,0.7598039215686274,134.25172916666668,55
12h,83,0.7965686274509803,273.0611052489177,55
24h,175,0.7855392156862745,151.23678465039546,55
6h,40,0.803921568627451,204.36166666666668,48
12h,102,0.75,161.16891865079364,48
24h,243,0.7022058823529411,458.2891993621628,48
6h,50,0.7549019607843137,26.132857142857144,19
6h,37,0.8186274509803921,52.99444444444444,95
12h,103,0.7475490196078431,279.2454119588744,95
24h,196,0.7598039215686274,122.71002943616497,95
48h,395,0.7579656862745098,93.41403229679723,95
6h,66,0.6764705882352942,25.253653333333336,28
12h,135,0.6691176470588235,33.475758127572014,28
6h,50,0.7549019607843137,137.38944444444445,143
12h,93,0.7720588235294118,125.54303030303029,143
24h,177,0.7830882352941176,108.70942380952381,143
48h,367,0.7751225490196079,76.09756507193543,143
6h,43,0.7892156862745098,52.849666666666664,55
12h,93,0.7720588235294118,33.77371515151515,55
24h,200,0.7549019607843137,40.92336978847811,55
6h,60,0.7058823529411765,63.193866666666665,31
12h,131,0.678921568627451,59.15009097911892,31
6h,37,0.8186274509803921,39.740277777777784,121
12h,85,0.7916666666666666,24.828474025974028,121
24h,161,0.8026960784313726,115.63811911231885,121
48h,313,0.8082107843137255,72.21640167196625,121
6h,56,0.7254901960784313,101.95773,37
12h,100,0.7549019607843137,118.56563295454548,37
24h,187,0.7708333333333334,62.718809466766395,37
6h,43,0.7892156862745098,60.64247619047619,146
12h,92,0.7745098039215687,60.78237310606061,146
24h,185,0.7732843137254902,191.5627120519926,146
48h,352,0.7843137254901961,143.81428360759656,146
6h,43,0.7892156862745098,96.14923809523809,22
12h,83,0.7965686274509803,58.40453892045455,22
6h,48,0.7647058823529411,9.593571428571428,67
12h,86,0.7892156862745098,84.88335227272728,67
24h,134,0.8357843137254902,69.96312810672514,67
48h,272,0.8333333333333334,76.70609705580193,67
6h,38,0.8137254901960784,23.334702380952383,63
12h,73,0.821078431372549,366.739264745671,63
24h,155,0.8100490196078431,137.0989853596533,63
48h,303,0.8143382352941176,174.1904646765255,63
6h,43,0.7892156862745098,60.271428571428565,100
12h,89,0.7818627450980392,72.80108585858585,100
24h,192,0.7647058823529411,82.81714343225212,100
48h,381,0.7665441176470589,48.42546687202999,100
6h,49,0.7598039215686274,92.00237037037036,112
12h,106,0.7401960784313726,133.89285223264392,112
24h,225,0.7242647058823529,78.97474199730362,112
48h,460,0.7181372549019608,78.58116876170891,112
6h,57,0.7205882352941176,95.51633333333334,44
12h,102,0.75,166.87446022727275,44
24h,204,0.75,120.75714275111159,44
6h,61,0.7009803921568627,143.90189555555557,21
6h,46,0.7745098039215687,115.45685185185185,47
12h,91,0.7769607843137255,61.72334175084174,47
24h,180,0.7794117647058824,47.55072227450488,47
6h,25,0.8774509803921569,36.133333333333326,121
12h,52,0.8725490196078431,72.90257936507936,121
24h,144,0.8235294117647058,138.641736218563,121
48h,314,0.8075980392156863,54.13683159518455,121
6h,55,0.7303921568627451,131.37066666666664,66
12h,122,0.7009803921568627,47.362829558745354,66
24h,229,0.7193627450980392,49.47644785667231,66
48h,494,0.6973039215686274,661.8278905204958,66
6h,71,0.6519607843137255,94.64883492063491,208
12h,112,0.7254901960784313,75.11398066378067,208
24h,205,0.7487745098039216,119.76552686910516,208
48h,368,0.7745098039215687,293.94044468358163,208
6h,44,0.7843137254901961,20.950625000000002,225
12h,86,0.7892156862745098,37.693986742424244,225
24h,169,0.7928921568627451,307.1296312088735,225
48h,339,0.7922794117647058,260.4203150143767,225
6h,48,0.7647058823529411,370.0779166666667,22
12h,82,0.7990196078431373,286.52190530303034,22
6h,43,0.7892156862745098,22.173533333333335,39
12h,86,0.7892156862745098,461.0428348484848,39
24h,183,0.7757352941176471,419.9810186826113,39
6h,38,0.8137254901960784,15.512500000000003,146
12h,73,0.821078431372549,78.52314393939393,146
24h,156,0.8088235294117647,55.638255458474895,146
48h,315,0.8069852941176471,35.81723783853849,146
6h,39,0.8088235294117647,16.457619047619044,26
12h,82,0.7990196078431373,129.96772591991342,26
6h,35,0.8284313725490197,39.96666666666666,20
6h,32,0.8431372549019608,38.43642857142857,34
12h,70,0.8284313725490197,196.14470959595957,34
24h,141,0.8272058823529411,178.7618158749146,34
6h,67,0.6715686274509803,40.55029285714285,23
12h,129,0.6838235294117647,91.21442878258777,23
6h,37,0.8186274509803921,622.95,41
12h,87,0.7867647058823529,806.9417234848485,41
24h,170,0.7916666666666666,2747.0238798220707,41
6h,56,0.7254901960784313,362.45685185185187,208
12h,101,0.7524509803921569,218.10639393939397,208
24h,176,0.7843137254901961,251.981192923019,208
48h,347,0.7873774509803921,117.56537794680368,208
6h,55,0.7303921568627451,215.0992222222222,21
6h,43,0.7892156862745098,68.18761904761905,48
12h,83,0.7965686274509803,79.06110080395794,48
24h,201,0.7536764705882353,315.0987499805068,48
6h,44,0.7843137254901961,14.107083333333332,38
12h,74,0.8186274509803921,199.45369444444444,38
24h,183,0.7757352941176471,86.78692837301587,38
6h,39,0.8088235294117647,40.62619047619047,23
12h,92,0.7745098039215687,70.95817424242423,23
6h,49,0.7598039215686274,41.54479166666667,37
12h,77,0.8112745098039216,97.70166666666665,37
24h,145,0.8223039215686274,232.91876371800714,37
6h,48,0.7647058823529411,80.42380952380952,99
12h,74,0.8186274509803921,88.74625,99
24h,134,0.8357843137254902,71.09255021145712,99
48h,273,0.8327205882352942,63.31858422316941,99
6h,40,0.803921568627451,59.405555555555566,207
12h,92,0.7745098039215687,517.9214801864802,207
24h,178,0.7818627450980392,643.6563717984914,207
48h,278,0.8296568627450981,408.0318623173409,207
6h,35,0.8284313725490197,38.99722222222223,17
6h,21,0.8970588235294118,9.149285714285714,182
12h,43,0.8946078431372549,4.551354166666666,182
24h,96,0.8823529411764706,52.82745221524507,182
48h,193,0.8817401960784313,44.12439979916172,182
6h,47,0.7696078431372549,51.426,48
12h,91,0.7769607843137255,48.77080492424242,48
24h,175,0.7855392156862745,54.56639320679321,48
6h,38,0.8137254901960784,13.25,88
12h,78,0.8088235294117647,39.37004734848485,88
24h,166,0.7965686274509803,128.12899844720496,88
48h,331,0.7971813725490197,179.23777709634078,88
6h,38,0.8137254901960784,64.59305555555555,24
12h,87,0.7867647058823529,96.77440476190476,24
6h,38,0.8137254901960784,27.355555555555554,97
12h,83,0.7965686274509803,35.104343434343434,97
24h,179,0.7806372549019608,52.58057467793881,97
48h,349,0.7861519607843137,47.1940722852673,97
6h,56,0.7254901960784313,225.3055,46
12h,109,0.7328431372549019,145.2464150738151,46
24h,215,0.7365196078431373,98.8963095605996,46
6h,50,0.7549019607843137,189.00000000000003,211
12h,95,0.7671568627450981,121.70491582491582,211
24h,184,0.7745098039215687,133.29233933702304,211
48h,370,0.7732843137254902,137.57714396174552,211
6h,62,0.696078431372549,13.409692307692309,73
12h,147,0.6397058823529411,34.38669534406566,73
24h,262,0.678921568627451,39.34573355462234,73
48h,505,0.6905637254901961,376.9014272293757,73
6h,55,0.7303921568627451,88.37562500000001,134
12h,132,0.6764705882352942,54.396124275362325,134
24h,260,0.6813725490196079,42.90951819231538,134
48h,528,0.6764705882352942,71.02227874638369,134
6h,51,0.75,36.71785714285714,22
12h,84,0.7941176470588235,75.38220779220778,22
6h,85,0.5833333333333334,168.20955151515153,27
12h,158,0.6127450980392157,160.92740272304326,27
6h,55,0.7303921568627451,60.70055555555556,94
12h,99,0.7573529411764706,80.55171717171717,94
24h,171,0.7904411764705882,96.68880693961086,94
48h,346,0.7879901960784313,52.344188274541175,94
6h,39,0.8088235294117647,2.5385714285714287,33
12h,78,0.8088235294117647,17.429428598484847,33
6h,42,0.7941176470588235,317.35714285714283,57
12h,90,0.7794117647058824,342.0290476190477,57
24h,165,0.7977941176470589,299.7295560182571,57
48h,319,0.8045343137254902,122.75564153418131,57
6h,47,0.7696078431372549,37.373488095238095,56
12h,90,0.7794117647058824,105.6807078598485,56
24h,184,0.7745098039215687,83.19535370045668,56
6h,42,0.7941176470588235,33.39302083333334,188
12h,88,0.7843137254901961,84.64719958513709,188
24h,191,0.7659313725490197,157.1481421239084,188
48h,343,0.789828431372549,181.07273243507586,188
6h,37,0.8186274509803921,63.87229166666667,43
12h,95,0.7671568627450981,46.80457070707071,43
24h,205,0.7487745098039216,3143.839183199345,43
6h,66,0.6764705882352942,65.12633333333333,74
12h,129,0.6838235294117647,142.74536714646464,74
24h,230,0.7181372549019608,209.1638960437865,74
48h,503,0.6917892156862745,153808.5804165046,74
6h,44,0.7843137254901961,55.303809523809534,168
12h,82,0.7990196078431373,114.84592803030303,168
24h,170,0.7916666666666666,75.26294707556937,168
48h,339,0.7922794117647058,32.5921245282675,168
6h,50,0.7549019607843137,44.247718750000004,55
12h,92,0.7745098039215687,67.13143308080808,55
24h,195,0.7610294117647058,75.71789888892809,55
6h,42,0.7941176470588235,12.553,26
12h,86,0.7892156862745098,22.571612554112555,26
6h,34,0.8333333333333334,11.62015625,21
6h,32,0.8431372549019608,4.991666666666666,82
12h,69,0.8308823529411765,22.088298611111114,82
24h,136,0.8333333333333334,65.7879239766082,82
48h,320,0.803921568627451,21.895087837638048,82
6h,26,0.8725490196078431,14.548611111111112,138
12h,43,0.8946078431372549,50.638888888888886,138
24h,80,0.9019607843137255,56.046076848985216,138
48h,169,0.8964460784313726,394.76695494845427,138
6h,31,0.8480392156862745,65.77777777777777,22
12h,66,0.8382352941176471,45.06277777777778,22
6h,63,0.6911764705882353,37.30226666666666,97
12h,135,0.6691176470588235,22.713580832130827,97
24h,268,0.6715686274509803,32.965650129399585,97
48h,504,0.6911764705882353,176.15031798276146,97
6h,50,0.7549019607843137,47.743333333333325,19
6h,68,0.6666666666666666,55.80996666666667,56
12h,68,0.8333333333333334,55.80996666666667,56
24h,128,0.8431372549019608,55.76128253968254,56
6h,37,0.8186274509803921,7.461111111111111,46
12h,69,0.8308823529411765,15.754025974025975,46
24h,146,0.821078431372549,23.825019598155468,46
6h,51,0.75,48.247592592592596,91
12h,95,0.7671568627450981,31.902626262626264,91
24h,187,0.7708333333333334,67.23667227971481,91
48h,363,0.7775735294117647,30.842292712560038,91
6h,30,0.8529411764705882,119.53166666666667,50
12h,55,0.8651960784313726,429.2421212121212,50
24h,99,0.8786764705882353,548.8750857615773,50
6h,9,0.9558823529411765,1.125,26
12h,57,0.8602941176470589,230.5835193452381,26
6h,39,0.8088235294117647,34.252857142857145,233
12h,78,0.8088235294117647,275.43419507575754,233
24h,165,0.7977941176470589,164.23631068840584,233
48h,335,0.7947303921568627,136.60615127585183,233
6h,49,0.7598039215686274,12.26462962962963,97
12h,95,0.7671568627450981,132.7827441077441,97
24h,197,0.758578431372549,201.3577991352448,97
48h,397,0.7567401960784313,83.65735254368418,97
6h,54,0.7352941176470589,11.352857142857143,29
12h,87,0.7867647058823529,19.468022698412696,29
6h,50,0.7549019607843137,81.17203833333333,43
12h,115,0.7181372549019608,100.86286634199135,43
24h,228,0.7205882352941176,123.34903869192874,43
6h,38,0.8137254901960784,38.72083333333333,36
12h,75,0.8161764705882353,45.37505366161616,36
24h,172,0.7892156862745098,656.539631549405,36
6h,37,0.8186274509803921,9.223611111111111,75
12h,84,0.7941176470588235,119.59704906204907,75
24h,166,0.7965686274509803,45.03103659601268,75
48h,318,0.8051470588235294,1064.8407593948436,75
6h,34,0.8333333333333334,65.73888888888888,137
12h,69,0.8308823529411765,67.54239950525664,137
24h,142,0.8259803921568627,60.12341974101894,137
48h,289,0.8229166666666666,54.49239370875333,137
6h,48,0.7647058823529411,27.70138888888889,63
12h,82,0.7990196078431373,62.65401515151515,63
24h,158,0.8063725490196079,55.19849225955204,63
48h,322,0.8026960784313726,32.06893875552882,63
6h,42,0.7941176470588235,73.46238095238095,25
12h,80,0.803921568627451,87.3257740349928,25
6h,40,0.803921568627451,149.9464583333333,22
12h,82,0.7990196078431373,106.83155303030301,22
6h,74,0.6372549019607843,52.84106333333333,147
12h,139,0.6593137254901961,46.21027314393939,147
24h,256,0.6862745098039216,68.08981184414014,147
48h,521,0.6807598039215687,428.9700233265141,147
6h,39,0.8088235294117647,172.494,102
12h,83,0.7965686274509803,238.241175308642,102
24h,187,0.7708333333333334,286.41692969742064,102
48h,393,0.7591911764705882,310.0899168889954,102
6h,35,0.8284313725490197,8.002777777777776,218
12h,52,0.8725490196078431,916.0961944444446,218
24h,93,0.8860294117647058,488.73035297619055,218
48h,199,0.8780637254901961,206.6084126192789,218
6h,43,0.7892156862745098,19.24809523809524,74
12h,85,0.7916666666666666,34.94337235996327,74
24h,178,0.7818627450980392,80.07621610201393,74
48h,359,0.7800245098039216,78.93812620516964,74
6h,38,0.8137254901960784,82.17777777777778,129
12h,82,0.7990196078431373,176.94977272727274,129
24h,176,0.7843137254901961,142.61706125697972,129
48h,331,0.7971813725490197,77.05295656410738,129
6h,52,0.7450980392156863,18.964958333333335,52
12h,97,0.7622549019607843,22.56459595959596,52
24h,194,0.7622549019607843,54.647606319405234,52
6h,41,0.7990196078431373,22.349583333333335,22
12h,79,0.8063725490196079,42.498406285072946,22
6h,57,0.7205882352941176,50.823589285714284,36
12h,99,0.7573529411764706,62.34017828282828,36
24h,227,0.7218137254901961,62.72160254548683,36
6h,74,0.6372549019607843,85.85066222222223,74
12h,120,0.7058823529411765,87.9521320995671,74
24h,207,0.7463235294117647,72.01447464562159,74
48h,399,0.7555147058823529,83.40931187643619,74
6h,32,0.8431372549019608,16.258333333333333,265
12h,65,0.8406862745098039,336.8600353986292,265
24h,144,0.8235294117647058,271.7137078261328,265
48h,298,0.8174019607843137,78.79835608454961,265
6h,44,0.7843137254901961,196.11197916666666,66
12h,77,0.8112745098039216,592.5758179012345,66
24h,161,0.8026960784313726,588.7826684048275,66
48h,305,0.8131127450980392,661.4365869799487,66
6h,57,0.7205882352941176,40.23049607843137,110
12h,126,0.6911764705882353,194.85682426406922,110
24h,234,0.7132352941176471,4504.643590884136,110
48h,463,0.7162990196078431,3145.399940642508,110
6h,36,0.8235294117647058,65.61595238095238,43
12h,83,0.7965686274509803,63.264526515151516,43
24h,161,0.8026960784313726,70.89978454106281,43
6h,37,0.8186274509803921,121.1736111111111,212
12h,75,0.8161764705882353,187.3818939393939,212
24h,157,0.8075980392156863,175.68063659890836,212
48h,318,0.8051470588235294,100.99056491744459,212
6h,67,0.6715686274509803,104.00909666666666,148
12h,109,0.7328431372549019,92.41822035984849,148
24h,213,0.7389705882352942,54.71397288696358,148
48h,434,0.7340686274509803,44.086596854748706,148
6h,61,0.7009803921568627,10.420176190476193,96
12h,121,0.7034313725490197,21.335148532776746,96
24h,224,0.7254901960784313,23.13489073590872,96
48h,386,0.7634803921568627,159.0156144334851,96
6h,52,0.7450980392156863,28.825,44
12h,87,0.7867647058823529,45.41960998877666,44
24h,163,0.8002450980392157,41.87395823625269,44
6h,55,0.7303921568627451,141.10520833333334,24
12h,111,0.7279411764705882,87.0364109090909,24
6h,35,0.8284313725490197,18.46595238095238,44
12h,74,0.8186274509803921,33.03877777777778,44
24h,158,0.8063725490196079,28.011190106477375,44
6h,44,0.7843137254901961,36.533375,32
12h,92,0.7745098039215687,48.334568181818184,32
24h,175,0.7855392156862745,92.94819083694082,32
6h,36,0.8235294117647058,14.66666666666667,17
12h,82,0.7990196078431373,14.354615811965813,17
6h,48,0.7647058823529411,17.762708333333332,45
12h,101,0.7524509803921569,84.70784801136362,45
24h,226,0.7230392156862745,75.7989900734714,45
6h,59,0.7107843137254902,178.85197619047617,21
6h,38,0.8137254901960784,215.3611111111111,54
12h,88,0.7843137254901961,153.5210606060606,54
24h,166,0.7965686274509803,146.6781388457557,54
6h,37,0.8186274509803921,7.411111111111111,23
12h,89,0.7818627450980392,12.844450757575757,23
6h,49,0.7598039215686274,95.6047619047619,55
12h,88,0.7843137254901961,105.07359848484847,55
24h,164,0.7990196078431373,126.1794311594203,55
6h,34,0.8333333333333334,12.126666666666667,34
12h,59,0.8553921568627451,23.21989229024943,34
24h,134,0.8357843137254902,54.075131526294726,34
6h,39,0.8088235294117647,54.81527777777777,20
6h,33,0.8382352941176471,78.79444444444445,163
12h,70,0.8284313725490197,79.30184974747475,163
24h,161,0.8026960784313726,150.5715021886485,163
48h,355,0.7824754901960784,204.3793087522937,163
6h,37,0.8186274509803921,56.810625,92
12h,83,0.7965686274509803,70.81643749999999,92
24h,177,0.7830882352941176,49.33747564935065,92
48h,376,0.7696078431372549,50.20192064664987,92
6h,52,0.7450980392156863,124.56148148148148,39
12h,100,0.7549019607843137,62.16073764921946,39
24h,239,0.7071078431372549,77.4359586535777,39
6h,37,0.8186274509803921,22.569444444444443,36
12h,63,0.8455882352941176,38.06460317460317,36
24h,143,0.8247549019607843,111.70109392800182,36
6h,58,0.7156862745098039,8.858564814814814,70
12h,103,0.7475490196078431,32.30844292929294,70
24h,237,0.7095588235294118,75.03486254438045,70
48h,484,0.7034313725490197,485.1737228038159,70
6h,38,0.8137254901960784,83.18738095238096,73
12h,75,0.8161764705882353,42.04012987012987,73
24h,154,0.8112745098039216,76.75488768115942,73
48h,319,0.8045343137254902,109.47659808916887,73
6h,45,0.7794117647058824,40.08333333333333,31
12h,93,0.7720588235294118,149.02319264069266,31
6h,29,0.8578431372549019,48.10166666666667,61
12h,55,0.8651960784313726,43.96598214285714,61
24h,136,0.8333333333333334,57.8832691504402,61
48h,275,0.8314950980392157,45.39562989666033,61
6h,49,0.7598039215686274,23.311111111111114,175
12h,80,0.803921568627451,41.32331168831168,175
24h,153,0.8125,28.1036066017316,175
48h,338,0.7928921568627451,67.01708097029675,175
6h,31,0.8480392156862745,97.86666666666667,16
6h,30,0.8529411764705882,6.525119047619048,19
6h,18,0.9117647058823529,222.16666666666663,44
12h,52,0.8725490196078431,117.72110119047619,44
24h,115,0.8590686274509803,46.36358190045248,44
6h,52,0.7450980392156863,37.53408333333334,90
12h,114,0.7205882352941176,38.47329227272727,90
24h,241,0.7046568627450981,27.843066607960704,90
48h,467,0.7138480392156863,33.031303985930386,90
6h,34,0.8333333333333334,107.7388888888889,18
6h,44,0.7843137254901961,73.22395833333333,166
12h,98,0.7598039215686274,57.09209280303031,166
24h,190,0.7671568627450981,64.09137611623481,166
48h,329,0.7984068627450981,62.16735331307963,166
6h,32,0.8431372549019608,21.70166666666667,16
6h,36,0.8235294117647058,167.27916666666667,107
12h,73,0.821078431372549,114.80915178571429,107
24h,159,0.8051470588235294,94.15947915872107,107
48h,307,0.8118872549019608,68.95024319675142,107
6h,15,0.9264705882352942,66.23214285714286,123
12h,65,0.8406862745098039,154.82621279761904,123
24h,136,0.8333333333333334,153.05371703088792,123
48h,303,0.8143382352941176,88.77231606856179,123
6h,48,0.7647058823529411,26.76111111111111,208
12h,87,0.7867647058823529,32.58045454545454,208
24h,164,0.7990196078431373,377.9966716073782,208
48h,323,0.8020833333333334,179.19993927005288,208
6h,55,0.7303921568627451,31.90666666666667,69
12h,90,0.7794117647058824,140.4498181818182,69
24h,178,0.7818627450980392,57.682933604439036,69
48h,365,0.7763480392156863,116.53380522315398,69
6h,69,0.6617647058823529,111.28681060606063,26
12h,141,0.6544117647058824,138.10851646464644,26
6h,42,0.7941176470588235,73.91785714285713,105
12h,88,0.7843137254901961,86.94521043771044,105
24h,189,0.7683823529411765,80.98197785829308,105
48h,389,0.7616421568627451,91.37899199429468,105
6h,56,0.7254901960784313,34.06229166666667,57
12h,108,0.7352941176470589,54.331630735930744,57
24h,188,0.7696078431372549,52.31155178769795,57
6h,37,0.8186274509803921,38.08611111111111,39
12h,72,0.8235294117647058,36.63838383838384,39
24h,160,0.803921568627451,28.419313946922642,39
6h,39,0.8088235294117647,12.263809523809526,67
12h,80,0.803921568627451,22.430314814814814,67
24h,157,0.8075980392156863,33.19732275515682,67
48h,316,0.8063725490196079,225.77459174531072,67
6h,44,0.7843137254901961,30.5,20
6h,47,0.7696078431372549,56.60037037037037,63
12h,96,0.7647058823529411,53.52382575757575,63
24h,197,0.758578431372549,49.80756557971014,63
48h,371,0.772671568627451,193.25886024725077,63
6h,44,0.7843137254901961,55.71208333333334,161
12h,85,0.7916666666666666,59.06736742424242,161
24h,178,0.7818627450980392,78.17734867306608,161
48h,349,0.7861519607843137,80.8897375769585,161
6h,51,0.75,74.81563541666667,53
12h,115,0.7181372549019608,35.663864003126506,53
24h,217,0.7340686274509803,59.6967699963569,53
6h,60,0.7058823529411765,37.507962962962964,17
6h,30,0.8529411764705882,15.528472222222225,318
12h,68,0.8333333333333334,71.68315972222223,318
24h,155,0.8100490196078431,49.33022604343121,318
48h,321,0.8033088235294118,29.494374606118747,318
6h,48,0.7647058823529411,18.444374999999997,71
12h,92,0.7745098039215687,33.46364583333333,71
24h,181,0.7781862745098039,56.22101637492942,71
48h,356,0.7818627450980392,81.92698706917997,71
6h,21,0.8970588235294118,16.383333333333333,139
12h,52,0.8725490196078431,104.13813492063491,139
24h,118,0.8553921568627451,90.67276350189198,139
48h,247,0.8486519607843137,179.51958396891445,139
6h,48,0.7647058823529411,10.46111111111111,274
12h,86,0.7892156862745098,18.465568181818185,274
24h,163,0.8002450980392157,48.1452527173913,274
48h,327,0.7996323529411765,54.15344259527903,274
6h,39,0.8088235294117647,51.85333333333333,25
12h,77,0.8112745098039216,42.67964962121212,25
24h,162,0.8014705882352942,52.798906455862976,25
6h,34,0.8333333333333334,103.76625000000001,33
12h,81,0.8014705882352942,196.78191490800867,33
6h,32,0.8431372549019608,119.22380952380952,21
6h,27,0.8676470588235294,22.274285714285718,78
12h,63,0.8455882352941176,101.17932539682539,78
24h,152,0.8137254901960784,80.92647155572755,78
48h,304,0.8137254901960784,93.02466584185996,78
6h,40,0.803921568627451,97.95270833333333,240
12h,78,0.8088235294117647,68.76100378787879,240
24h,158,0.8063725490196079,86.82568982919254,240
48h,324,0.8014705882352942,59.46385512919283,240
6h,47,0.7696078431372549,41.28333333333333,146
12h,80,0.803921568627451,80.31916666666666,146
24h,170,0.7916666666666666,47.99224851370852,146
48h,332,0.7965686274509803,50.026244972249394,146
6h,49,0.7598039215686274,37.69047619047619,35
12h,90,0.7794117647058824,71.43623106060608,35
24h,183,0.7757352941176471,39.10475994505839,35
6h,53,0.7401960784313726,24.46666666666667,115
12h,95,0.7671568627450981,18.081489898989897,115
24h,185,0.7732843137254902,36.682138413116675,115
48h,365,0.7763480392156863,217.14392853093273,115
6h,54,0.7352941176470589,36.281499999999994,25
12h,99,0.7573529411764706,121.48050899621212,25
6h,40,0.803921568627451,71.08791666666666,50
12h,82,0.7990196078431373,56.9930762987013,50
24h,140,0.8284313725490197,135.33896374458874,50
6h,43,0.7892156862745098,1010.0561111111112,59
12h,81,0.8014705882352942,438.61117283950614,59
24h,181,0.7781862745098039,235.48975640236955,59
48h,389,0.7616421568627451,571.2186690803082,59
6h,39,0.8088235294117647,74.87916666666666,21
12h,91,0.7769607843137255,136.54259259259257,21
6h,42,0.7941176470588235,8.649285714285714,23
12h,79,0.8063725490196079,44.24922077922078,23
6h,46,0.7745098039215687,49.3688888888889,25
12h,92,0.7745098039215687,70.81611672278339,25
6h,58,0.7156862745098039,18.287062962962963,219
12h,97,0.7622549019607843,42.07178090909091,219
24h,173,0.7879901960784313,54.04104490777338,219
48h,338,0.7928921568627451,46.53332600301504,219
6h,45,0.7794117647058824,87.12538333333333,18
6h,39,0.8088235294117647,26.84952380952381,26
12h,76,0.8137254901960784,87.87174242424243,26
6h,46,0.7745098039215687,38.77976190476191,57
12h,97,0.7622549019607843,57.01685863636364,57
24h,191,0.7659313725490197,48.36496189938426,57
48h,384,0.7647058823529411,241.34516531366305,57
6h,45,0.7794117647058824,33.41425925925926,36
12h,84,0.7941176470588235,135.7887305595639,36
24h,158,0.8063725490196079,84.62592835274461,36
6h,58,0.7156862745098039,279.80052083333334,17
6h,46,0.7745098039215687,42.17604166666666,130
12h,89,0.7818627450980392,32.12302828282828,130
24h,175,0.7855392156862745,42.502491223927585,130
48h,368,0.7745098039215687,52.579303965311695,130
6h,39,0.8088235294117647,36.61999999999999,16
6h,53,0.7401960784313726,55.541666666666664,194
12h,93,0.7720588235294118,65.43234848484849,194
24h,178,0.7818627450980392,69.40373093156629,194
48h,381,0.7665441176470589,49.79895479763397,194
6h,41,0.7990196078431373,60.17619047619047,114
12h,82,0.7990196078431373,238.1161868686869,114
24h,186,0.7720588235294118,184.70894806570664,114
48h,370,0.7732843137254902,119.65269258565638,114
6h,42,0.7941176470588235,20.493125000000003,116
12h,82,0.7990196078431373,679.7952440656564,116
24h,183,0.7757352941176471,475.5751166478448,116
48h,307,0.8118872549019608,591.0861286158855,116
6h,31,0.8480392156862745,12.183333333333332,172
12h,85,0.7916666666666666,99.40036616161618,172
24h,178,0.7818627450980392,45.22361367828483,172
48h,390,0.7610294117647058,151.62161573644894,172
6h,44,0.7843137254901961,20.391041666666666,57
12h,88,0.7843137254901961,23.430521885521884,57
24h,185,0.7732843137254902,33.50487671225715,57
48h,366,0.7757352941176471,41.87534406968696,57
6h,59,0.7107843137254902,38.85069702380953,16
6h,38,0.8137254901960784,52.59952380952382,120
12h,89,0.7818627450980392,160.3399715909091,120
24h,160,0.803921568627451,255.05784843779412,120
48h,332,0.7965686274509803,148.91603921523145,120
6h,45,0.7794117647058824,64.051875,22
12h,73,0.821078431372549,38.682685185185186,22
6h,45,0.7794117647058824,33.477777777777774,89
12h,114,0.7205882352941176,50.213179323232325,89
24h,206,0.7475490196078431,54.28142676950849,89
48h,415,0.7457107843137255,59.11098349961408,89
6h,51,0.75,90.36208333333333,139
12h,88,0.7843137254901961,131.3371436588103,139
24h,165,0.7977941176470589,91.17020801702324,139
48h,333,0.7959558823529411,641.3709451552545,139
6h,41,0.7990196078431373,7.951388888888889,66
12h,77,0.8112745098039216,74.38939935064934,66
24h,154,0.8112745098039216,69.01701653491436,66
48h,300,0.8161764705882353,104.47755969739642,66
6h,44,0.7843137254901961,50.28509791666667,24
12h,78,0.8088235294117647,45.85232609427609,24
6h,53,0.7401960784313726,39.684927083333335,41
12h,97,0.7622549019607843,26.259905244755245,41
24h,204,0.75,38.05532223126405,41
6h,40,0.803921568627451,79.85895833333333,252
12h,89,0.7818627450980392,67.66507575757575,252
24h,165,0.7977941176470589,55.50151368760065,252
48h,325,0.8008578431372549,203.67810525221662,252
6h,29,0.8578431372549019,67.39095238095237,71
12h,66,0.8382352941176471,83.69096230158729,71
24h,179,0.7806372549019608,141.81308214285713,71
48h,408,0.75,104.75613662066901,71
6h,49,0.7598039215686274,206.55234393939392,69
12h,83,0.7965686274509803,103.44742007575756,69
24h,161,0.8026960784313726,86.6039541919062,69
48h,312,0.8088235294117647,58.29612699652943,69
6h,27,0.8676470588235294,49.52404761904762,23
12h,69,0.8308823529411765,51.71602678571429,23
6h,40,0.803921568627451,103.22142857142858,94
12h,89,0.7818627450980392,56.499422348484856,94
24h,171,0.7904411764705882,42.15913714439077,94
48h,337,0.7935049019607843,46.2987480445553,94
6h,44,0.7843137254901961,64.83333333333333,54
12h,95,0.7671568627450981,109.94095959595961,54
24h,203,0.7512254901960784,94.00649157054126,54
6h,38,0.8137254901960784,15.021904761904763,245
12h,74,0.8186274509803921,41.277748917748916,245
24h,160,0.803921568627451,45.19783229813664,245
48h,313,0.8082107843137255,78.25804330952137,245
6h,45,0.7794117647058824,88.61670833333334,63
12h,103,0.7475490196078431,63.1108469387755,63
24h,219,0.7316176470588235,400.3585985241113,63
48h,420,0.7426470588235294,413.1239857236683,63
6h,45,0.7794117647058824,9.989285714285714,42
12h,82,0.7990196078431373,59.4531764069264,42
24h,176,0.7843137254901961,93.65516645962734,42
6h,43,0.7892156862745098,33.34444444444444,38
12h,84,0.7941176470588235,152.06885106060605,38
24h,172,0.7892156862745098,231.8867278304787,38
6h,58,0.7156862745098039,73.06354166666667,335
12h,111,0.7279411764705882,48.47478126721763,335
24h,202,0.7524509803921569,37.9426241265528,335
48h,402,0.7536764705882353,39.78978041782872,335
6h,44,0.7843137254901961,19.54104166666667,53
12h,96,0.7647058823529411,36.989331542699716,53
24h,182,0.7769607843137255,43.84562141476881,53
6h,55,0.7303921568627451,3804.176511666667,18
6h,38,0.8137254901960784,6.336875000000001,230
12h,88,0.7843137254901961,24.766565656565653,230
24h,182,0.7769607843137255,28.13346287046287,230
48h,344,0.7892156862745098,32.05336657520701,230
6h,35,0.8284313725490197,46.53642857142857,53
12h,88,0.7843137254901961,29.682987012987013,53
24h,165,0.7977941176470589,28.97746753246753,53
6h,38,0.8137254901960784,23.284047619047616,145
12h,73,0.821078431372549,33.494285714285716,145
24h,161,0.8026960784313726,86.25482305665349,145
48h,329,0.7984068627450981,32.04108659490371,145
6h,37,0.8186274509803921,49.42777777777778,334
12h,77,0.8112745098039216,31.537911255411252,334
24h,169,0.7928921568627451,81.08022373188405,334
48h,332,0.7965686274509803,135.4528237268473,334
6h,43,0.7892156862745098,144.2275238095238,108
12h,89,0.7818627450980392,142.735,108
24h,183,0.7757352941176471,67.41053010697033,108
48h,369,0.7738970588235294,50.585388735133705,108
6h,39,0.8088235294117647,95.34119047619048,42
12h,71,0.8259803921568627,78.78090909090909,42
24h,161,0.8026960784313726,92.43583290461551,42
6h,65,0.6813725490196079,6.203208333333332,62
12h,118,0.7107843137254902,16.866718892045455,62
24h,264,0.6764705882352942,25.943208784694093,62
48h,537,0.6709558823529411,761.4590695060921,62
6h,63,0.6911764705882353,27.777592592592597,40
12h,117,0.7132352941176471,103.56450057720058,40
24h,196,0.7598039215686274,132.04244005022437,40
6h,48,0.7647058823529411,97.07468750000001,41
12h,100,0.7549019607843137,77.23965501683502,41
24h,209,0.7438725490196079,74.49133767633369,41
6h,53,0.7401960784313726,9.367476190476193,169
12h,93,0.7720588235294118,27.75323232323232,169
24h,191,0.7659313725490197,12.8193418668955,169
48h,360,0.7794117647058824,18.53245394162601,169
6h,62,0.696078431372549,201.8475378787879,43
12h,92,0.7745098039215687,189.01372245179064,43
24h,174,0.7867647058823529,76.34721703497425,43
6h,38,0.8137254901960784,28.33095238095238,51
12h,74,0.8186274509803921,74.18352637987013,51
24h,174,0.7867647058823529,57.37896741411809,51
6h,39,0.8088235294117647,49.42380952380953,29
12h,89,0.7818627450980392,37.81510416666667,29
6h,39,0.8088235294117647,14.64761904761905,51
12h,87,0.7867647058823529,56.366439393939395,51
24h,171,0.7904411764705882,58.967704275362316,51
6h,45,0.7794117647058824,339.05833333333334,100
12h,94,0.7696078431372549,223.37708393458394,100
24h,187,0.7708333333333334,127.99656694898503,100
48h,369,0.7738970588235294,109.58630861479344,100
6h,36,0.8235294117647058,85.07222222222224,59
12h,76,0.8137254901960784,100.26284090909091,59
24h,135,0.8345588235294118,144.73251279239764,59
48h,298,0.8174019607843137,513.3098999415765,59
6h,47,0.7696078431372549,162.48095238095237,49
12h,97,0.7622549019607843,70.3229569128788,49
24h,174,0.7867647058823529,68.93790591767834,49
6h,42,0.7941176470588235,19.831249999999997,76
12h,91,0.7769607843137255,35.73456228956229,76
24h,167,0.7953431372549019,33.842171095008055,76
48h,336,0.7941176470588235,199.98259567900573,76
6h,42,0.7941176470588235,50.714285714285715,31
12h,81,0.8014705882352942,69.66125000000001,31
6h,35,0.8284313725490197,22.29561111111111,37
12h,47,0.8848039215686274,44.79373015873015,37
24h,155,0.8100490196078431,75.29679259702286,37
6h,42,0.7941176470588235,132.3349523809524,30
12h,74,0.8186274509803921,167.10051731601732,30
6h,41,0.7990196078431373,67.12833333333334,46
12h,73,0.821078431372549,99.39387626262625,46
24h,151,0.8149509803921569,86.97167743888677,46
6h,36,0.8235294117647058,8.43957142857143,116
12h,75,0.8161764705882353,18.975739177489174,116
24h,170,0.7916666666666666,65.9558517208761,116
48h,342,0.7904411764705882,29.571443878418602,116
6h,50,0.7549019607843137,51.79333333333333,46
12h,93,0.7720588235294118,39.742079124579135,46
24h,190,0.7671568627450981,35.15902069413307,46
6h,13,0.9362745098039216,51.5,144
12h,68,0.8333333333333334,25.049146296296293,144
24h,139,0.8296568627450981,22.993010665478312,144
48h,319,0.8045343137254902,30.600039000593455,144
6h,6,0.9705882352941176,,116
12h,13,0.9681372549019608,59.75083333333333,116
24h,33,0.9595588235294118,80.71277777777779,116
48h,77,0.9528186274509803,58.47879215686275,116
6h,50,0.7549019607843137,121.47759375,63
12h,87,0.7867647058823529,112.00877272727271,63
24h,225,0.7242647058823529,46.49542374904653,63
48h,420,0.7426470588235294,50.14882724347702,63
6h,40,0.803921568627451,60.02041666666667,112
12h,78,0.8088235294117647,124.15016098484848,112
24h,162,0.8014705882352942,72.28936096014493,112
48h,317,0.8057598039215687,276.58675849525383,112
6h,37,0.8186274509803921,41.083333333333336,51
12h,76,0.8137254901960784,80.36128787878788,51
24h,164,0.7990196078431373,122.31750592885375,51
6h,38,0.8137254901960784,40.51833333333333,22
12h,70,0.8284313725490197,55.30839826839827,22
6h,53,0.7401960784313726,68.24285714285715,60
12h,96,0.7647058823529411,39.351962121212125,60
24h,180,0.7794117647058824,42.662041309053265,60
48h,335,0.7947303921568627,38.817088047491765,60
6h,50,0.7549019607843137,35.50145833333333,53
12h,88,0.7843137254901961,73.26167613636365,53
24h,179,0.7806372549019608,101.10230506980942,53
6h,51,0.75,54.04479166666667,40
12h,91,0.7769607843137255,127.04996039562292,40
24h,164,0.7990196078431373,211.74353651656315,40
6h,22,0.8921568627450981,187.80643636363638,56
12h,46,0.8872549019607843,55.7927431372549,56
24h,133,0.8370098039215687,147.9341932123432,56
6h,42,0.7941176470588235,11.742291666666668,230
12h,86,0.7892156862745098,27.655925925925928,230
24h,186,0.7720588235294118,140.09260205740526,230
48h,356,0.7818627450980392,108.52114596924845,230
6h,45,0.7794117647058824,18.59883333333333,63
12h,93,0.7720588235294118,28.116537878787877,63
24h,207,0.7463235294117647,568.0519138174914,63
48h,434,0.7340686274509803,412.2968436552835,63
6h,44,0.7843137254901961,8.916952380952381,55
12h,79,0.8063725490196079,50.36232291666666,55
24h,154,0.8112745098039216,35.4326489589358,55
6h,34,0.8333333333333334,38.30833333333334,37
12h,73,0.821078431372549,106.6377840909091,37
24h,140,0.8284313725490197,241.5875613275613,37
6h,33,0.8382352941176471,1.597222222222222,41
12h,82,0.7990196078431373,18.05811111111111,41
24h,161,0.8026960784313726,28.22757714285714,41
6h,40,0.803921568627451,11.479761904761904,205
12h,103,0.7475490196078431,38.894363920454545,205
24h,224,0.7254901960784313,25.364541343576338,205
48h,407,0.7506127450980392,1869.439690099261,205
6h,45,0.7794117647058824,615.0008020833334,34
12h,96,0.7647058823529411,423.65167692550506,34
24h,178,0.7818627450980392,330.79970635188016,34
6h,39,0.8088235294117647,50.91261904761905,263
12h,81,0.8014705882352942,91.4149273989899,263
24h,144,0.8235294117647058,189.99933948588597,263
48h,295,0.8192401960784313,136.95876295651917,263
6h,39,0.8088235294117647,184.56309523809526,62
12h,78,0.8088235294117647,127.31465909090909,62
24h,167,0.7953431372549019,89.2996526915114,62
48h,359,0.7800245098039216,104.25783936374611,62
6h,63,0.6911764705882353,59.37867592592593,62
12h,115,0.7181372549019608,59.09220265151515,62
24h,245,0.6997549019607843,1538.505444495761,62
48h,521,0.6807598039215687,2662.74475233395,62
6h,53,0.7401960784313726,76.00955555555555,123
12h,113,0.7230392156862745,143.04979797979797,123
24h,214,0.7377450980392157,215.20223457128154,123
48h,407,0.7506127450980392,179.9023305836898,123
6h,56,0.7254901960784313,319.3130208333333,291
12h,98,0.7598039215686274,559.7307426948053,291
24h,178,0.7818627450980392,461.49822023010205,291
48h,313,0.8082107843137255,472.24118008169654,291
6h,37,0.8186274509803921,256.6611111111111,133
12h,71,0.8259803921568627,149.9789393939394,133
24h,154,0.8112745098039216,120.62575378787878,133
48h,310,0.8100490196078431,463.8375153795016,133
6h,47,0.7696078431372549,19.496190476190474,85
12h,93,0.7720588235294118,100.69769360269362,85
24h,196,0.7598039215686274,91.83447182231589,85
48h,384,0.7647058823529411,97.24732776836849,85
6h,62,0.696078431372549,35.2941488888889,146
12h,96,0.7647058823529411,30.812692659932658,146
24h,161,0.8026960784313726,44.29246986028972,146
48h,325,0.8008578431372549,43.08703970591047,146
6h,43,0.7892156862745098,7.895142857142858,227
12h,87,0.7867647058823529,92.05664772727273,227
24h,178,0.7818627450980392,106.1769521503557,227
48h,347,0.7873774509803921,115.93481906118905,227
6h,35,0.8284313725490197,64.90285714285714,183
12h,71,0.8259803921568627,49.029886363636365,183
24h,159,0.8051470588235294,75.60661610187555,183
48h,316,0.8063725490196079,47.740122559769844,183
6h,40,0.803921568627451,67.40714285714286,152
12h,83,0.7965686274509803,120.87156565656566,152
24h,171,0.7904411764705882,186.47373107890502,152
48h,340,0.7916666666666666,84.90804057036344,152
6h,27,0.8676470588235294,47.87071428571429,49
12h,65,0.8406862745098039,46.82821428571429,49
24h,160,0.803921568627451,95.21117480294942,49
6h,47,0.7696078431372549,45.288333333333334,19
6h,54,0.7352941176470589,43.09011111111111,84
12h,99,0.7573529411764706,64.30453296703297,84
24h,197,0.758578431372549,77.65041521512573,84
48h,450,0.7242647058823529,150.0537801428366,84
6h,38,0.8137254901960784,64.05555555555556,94
12h,91,0.7769607843137255,42.116742424242425,94
24h,168,0.7941176470588235,100.96193675889329,94
48h,344,0.7892156862745098,629.5939973754662,94
6h,56,0.7254901960784313,126.17552083333334,25
12h,98,0.7598039215686274,64.35517316017315,25
6h,44,0.7843137254901961,31.902500000000003,44
12h,96,0.7647058823529411,123.49597754820935,44
24h,171,0.7904411764705882,367.6686194634088,44
6h,36,0.8235294117647058,79.28571428571429,98
12h,74,0.8186274509803921,527.1163731060607,98
24h,126,0.8455882352941176,281.6776237284387,98
48h,291,0.8216911764705882,306.5251902268471,98
6h,48,0.7647058823529411,79.42166666666667,96
12h,86,0.7892156862745098,1391.3264662497995,96
24h,181,0.7781862745098039,764.6402192895671,96
48h,377,0.7689950980392157,285.1060061401417,96
6h,45,0.7794117647058824,7.123541666666666,94
12h,89,0.7818627450980392,15.031978114478115,94
24h,198,0.7573529411764706,28.278108479201958,94
48h,402,0.7536764705882353,22.011641062660743,94
6h,38,0.8137254901960784,23.304761904761907,82
12h,96,0.7647058823529411,169.70408838383838,82
24h,190,0.7671568627450981,108.64013772598493,82
48h,395,0.7579656862745098,81.90475592000905,82
6h,48,0.7647058823529411,338.272281,18
6h,37,0.8186274509803921,43.76416666666666,46
12h,87,0.7867647058823529,53.313901515151514,46
24h,168,0.7941176470588235,62.06303846226238,46
6h,60,0.7058823529411765,53.909733333333335,19
6h,51,0.75,19.952814814814815,21
6h,39,0.8088235294117647,39.64595238095239,51
12h,90,0.7794117647058824,81.52386363636364,51
24h,178,0.7818627450980392,244.77244294685988,51
6h,43,0.7892156862745098,44.63333333333333,24
12h,92,0.7745098039215687,37.87532402146465,24
6h,39,0.8088235294117647,59.68055555555555,63
12h,74,0.8186274509803921,68.12424963924964,63
24h,120,0.8529411764705882,133.40448407784166,63
48h,272,0.8333333333333334,1550.9127688551396,63
6h,59,0.7107843137254902,89.89970222222222,20
6h,37,0.8186274509803921,66.97222222222221,27
12h,88,0.7843137254901961,78.80356060606061,27
6h,23,0.8872549019607843,11.255238095238095,21
6h,40,0.803921568627451,49.89104166666667,85
12h,86,0.7892156862745098,96.87844696969695,85
24h,157,0.8075980392156863,245.25125452898553,85
48h,319,0.8045343137254902,146.74911408143993,85
6h,38,0.8137254901960784,17.688830952380954,35
12h,74,0.8186274509803921,33.91776829004329,35
24h,157,0.8075980392156863,45.37674622859025,35
6h,95,0.5343137254901961,101.07215492753625,16
6h,41,0.7990196078431373,50.438809523809525,26
12h,65,0.8406862745098039,37.336666666666666,26
6h,39,0.8088235294117647,21.25714285714286,114
12h,92,0.7745098039215687,32.17996212121212,114
24h,157,0.8075980392156863,32.464760822510826,114
48h,318,0.8051470588235294,46.19253392678946,114
6h,62,0.696078431372549,117.47064814814816,45
12h,114,0.7205882352941176,153.1485191197691,45
24h,229,0.7193627450980392,155.08402404589373,45
6h,48,0.7647058823529411,35.788125,92
12h,91,0.7769607843137255,92.06414141414142,92
24h,178,0.7818627450980392,61.18801326042378,92
48h,323,0.8020833333333334,53.90554951953948,92
6h,48,0.7647058823529411,36.036770833333335,182
12h,81,0.8014705882352942,60.10622080176768,182
24h,162,0.8014705882352942,251.65116158910118,182
48h,325,0.8008578431372549,125.45516079110173,182
6h,99,0.5147058823529411,46.73147845238095,48
12h,167,0.5906862745098039,103.16699170312822,48
24h,259,0.6825980392156863,1190.7794448308537,48
6h,22,0.8921568627450981,29.72607142857143,231
12h,56,0.8627450980392157,52.86180272108844,231
24h,100,0.8774509803921569,119.7553046831956,231
48h,166,0.8982843137254902,60.1889419201846,231
6h,40,0.803921568627451,87.05,52
12h,92,0.7745098039215687,129.6248318181818,52
24h,173,0.7879901960784313,80.27670501253134,52
6h,53,0.7401960784313726,24.223654545454544,38
12h,114,0.7205882352941176,33.69660363636364,38
24h,232,0.7156862745098039,50.58067394071343,38
6h,46,0.7745098039215687,41.133452380952384,29
12h,71,0.8259803921568627,40.28040532879819,29
6h,44,0.7843137254901961,88.89999999999999,102
12h,92,0.7745098039215687,56.23287878787878,102
24h,195,0.7610294117647058,51.053571044897126,102
48h,382,0.7659313725490197,39.326867942005315,102
6h,33,0.8382352941176471,399.34642857142853,167
12h,83,0.7965686274509803,150.74163555555555,167
24h,140,0.8284313725490197,263.119180299769,167
48h,280,0.8284313725490197,376.7289782691783,167
6h,41,0.7990196078431373,131.21517857142857,18
6h,42,0.7941176470588235,19.70952380952381,199
12h,81,0.8014705882352942,17.69349431818182,199
24h,164,0.7990196078431373,24.49451109960893,199
48h,319,0.8045343137254902,38.22558872847011,199
6h,34,0.8333333333333334,18.66190476190476,24
12h,62,0.8480392156862745,30.119099702380954,24
6h,51,0.75,90.43083333333333,44
12h,89,0.7818627450980392,142.58347537878788,44
24h,160,0.803921568627451,136.4846442687747,44
6h,33,0.8382352941176471,21.536111111111108,41
12h,71,0.8259803921568627,40.054458874458874,41
24h,160,0.803921568627451,29.37697661396574,41
6h,48,0.7647058823529411,3.544791666666667,80
12h,98,0.7598039215686274,13.268046875,80
24h,212,0.7401960784313726,27.24747342995169,80
48h,473,0.710171568627451,55.829159162954156,80
6h,39,0.8088235294117647,27.679285714285715,152
12h,83,0.7965686274509803,36.39436868686869,152
24h,184,0.7745098039215687,66.5635873878537,152
48h,369,0.7738970588235294,118.43827780298666,152
6h,40,0.803921568627451,52.036523809523814,44
12h,82,0.7990196078431373,155.86658880471384,44
24h,155,0.8100490196078431,60.3375192669173,44
6h,51,0.75,32.868125000000006,17
6h,48,0.7647058823529411,11.465729166666666,21
12h,95,0.7671568627450981,67.29661374269006,21
6h,31,0.8480392156862745,69.6697619047619,15
6h,39,0.8088235294117647,184.7380952380952,60
12h,83,0.7965686274509803,237.77344696969695,60
24h,180,0.7794117647058824,255.84496201572412,60
48h,344,0.7892156862745098,190.95722644577256,60
6h,52,0.7450980392156863,77.43320454545456,88
12h,97,0.7622549019607843,58.72974690082645,88
24h,195,0.7610294117647058,161.89432874146604,88
48h,398,0.7561274509803921,88.75336087043469,88
6h,38,0.8137254901960784,85.23571428571428,79
12h,78,0.8088235294117647,1176.64459280303,79
24h,147,0.8198529411764706,1180.1918011245998,79
48h,325,0.8008578431372549,678.0312396998833,79
6h,49,0.7598039215686274,84.17826666666664,34
12h,112,0.7254901960784313,32.81902414772727,34
24h,238,0.7083333333333334,192.89165279415874,34
6h,39,0.8088235294117647,12.454285714285716,44
12h,78,0.8088235294117647,96.22150568181817,44
24h,171,0.7904411764705882,154.4583252458592,44
6h,50,0.7549019607843137,47.09047619047619,62
12h,92,0.7745098039215687,50.497742424242425,62
24h,176,0.7843137254901961,59.02401486205933,62
48h,358,0.7806372549019608,107.49219441943804,62
6h,58,0.7156862745098039,67.69786111111111,75
12h,119,0.7083333333333334,52.683015845959595,75
24h,234,0.7132352941176471,34.01737463655594,75
48h,444,0.7279411764705882,29.914049958696694,75
6h,54,0.7352941176470589,366.7605208333334,51
12h,93,0.7720588235294118,250.1655379689755,51
24h,178,0.7818627450980392,145.05180070267897,51
6h,47,0.7696078431372549,21.118125,21
12h,88,0.7843137254901961,23.09571111111111,21
6h,38,0.8137254901960784,10.130555555555553,260
12h,75,0.8161764705882353,33.06255681818182,260
24h,151,0.8149509803921569,41.27078286941816,260
48h,304,0.8137254901960784,140.07230249759158,260
6h,46,0.7745098039215687,40.647708333333334,113
12h,85,0.7916666666666666,190.912607022607,113
24h,166,0.7965686274509803,263.6409637508627,113
48h,326,0.8002450980392157,271.81782587973845,113
6h,51,0.75,46.472500000000004,23
12h,117,0.7132352941176471,40.50348863636364,23
6h,45,0.7794117647058824,2.376190476190476,46
12h,101,0.7524509803921569,24.958591035353535,46
24h,184,0.7745098039215687,36.48929589037647,46
6h,51,0.75,35.95364583333333,24
12h,95,0.7671568627450981,123.08640028532074,24
6h,50,0.7549019607843137,217.925,27
12h,78,0.8088235294117647,141.12958553791884,27
6h,52,0.7450980392156863,121.71792592592594,82
12h,105,0.7426470588235294,81.31965992063493,82
24h,222,0.7279411764705882,51.436875274911074,82
48h,476,0.7083333333333334,181.92334422875567,82
6h,44,0.7843137254901961,26.572619047619046,90
12h,85,0.7916666666666666,116.48380150713484,90
24h,183,0.7757352941176471,99.64610121453407,90
48h,388,0.7622549019607843,60.562501232355295,90
6h,60,0.7058823529411765,49.19932738095239,31
12h,118,0.7107843137254902,75.51410597147951,31
6h,52,0.7450980392156863,17.723809523809525,76
12h,96,0.7647058823529411,27.950921717171713,76
24h,175,0.7855392156862745,47.28690854194115,76
48h,331,0.7971813725490197,184.47606447125932,76
6h,28,0.8627450980392157,2.7369444444444446,95
12h,43,0.8946078431372549,2.0844444444444443,95
24h,96,0.8823529411764706,114.68520825906121,95
48h,233,0.8572303921568627,62.646810209384256,95
6h,45,0.7794117647058824,148.80972222222223,36
12h,89,0.7818627450980392,215.69146464646465,36
24h,183,0.7757352941176471,126.58223884945285,36
6h,46,0.7745098039215687,17.729761904761904,107
12h,84,0.7941176470588235,119.09968777056278,107
24h,173,0.7879901960784313,83.20673543666479,107
48h,346,0.7879901960784313,250.86275347581542,107
6h,48,0.7647058823529411,108.24166666666667,22
12h,80,0.803921568627451,109.07073593073594,22
6h,48,0.7647058823529411,64.64489583333332,66
12h,86,0.7892156862745098,83.75895436507938,66
24h,200,0.7549019607843137,57.397854274891785,66
48h,432,0.7352941176470589,127.73548436184778,66
6h,35,0.8284313725490197,51.6647619047619,193
12h,56,0.8627450980392157,64.08629251700681,193
24h,99,0.8786764705882353,76.7225745375073,193
48h,197,0.8792892156862745,95.90721546026408,193
6h,39,0.8088235294117647,60.12690476190476,99
12h,88,0.7843137254901961,79.25039772727274,99
24h,166,0.7965686274509803,132.74035960144928,99
48h,330,0.7977941176470589,66.83371354319782,99
6h,69,0.6617647058823529,82.96964666666665,17
6h,39,0.8088235294117647,62.91238095238095,25
12h,70,0.8284313725490197,82.06744949494949,25
6h,28,0.8627450980392157,35.38888888888889,144
12h,86,0.7892156862745098,84.58110885416666,144
24h,168,0.7941176470588235,167.31828914212613,144
48h,349,0.7861519607843137,422.38176004652996,144
6h,51,0.75,108.65229166666667,60
12h,88,0.7843137254901961,79.34241048881674,60
24h,191,0.7659313725490197,49.22464336278154,60
48h,374,0.7708333333333334,95.9988529221373,60
6h,39,0.8088235294117647,43.022333333333336,34
12h,86,0.7892156862745098,48.78611931818181,34
24h,177,0.7830882352941176,81.64218019214704,34
6h,46,0.7745098039215687,13.658958333333334,73
12h,90,0.7794117647058824,11.871181818181817,73
24h,187,0.7708333333333334,12.657740238827195,73
48h,366,0.7757352941176471,14.632954642357264,73
6h,50,0.7549019607843137,103.0,21
6h,40,0.803921568627451,26.18916666666667,43
12h,79,0.8063725490196079,64.69977272727273,43
24h,166,0.7965686274509803,159.40729159608506,43
6h,47,0.7696078431372549,16.220937499999998,161
12h,92,0.7745098039215687,28.43302188552189,161
24h,179,0.7806372549019608,65.17962002429584,161
48h,368,0.7745098039215687,27.278625727236964,161
6h,47,0.7696078431372549,8.688888888888888,20
6h,38,0.8137254901960784,87.01111111111112,90
12h,86,0.7892156862745098,69.34224431818181,90
24h,157,0.8075980392156863,62.00033300395257,90
48h,327,0.7996323529411765,55.87117990001256,90
6h,46,0.7745098039215687,4.553571428571428,74
12h,77,0.8112745098039216,16.7327601010101,74
24h,178,0.7818627450980392,61.507603305100695,74
48h,335,0.7947303921568627,66.08751058261258,74
6h,52,0.7450980392156863,48.82830208333333,34
12h,112,0.7254901960784313,90.27528094405595,34
24h,259,0.6825980392156863,189.95262185569985,34
6h,38,0.8137254901960784,45.39722222222222,110
12h,75,0.8161764705882353,76.34485795454545,110
24h,161,0.8026960784313726,57.00170871565028,110
48h,317,0.8057598039215687,30.93524131294993,110
6h,63,0.6911764705882353,56.567205,67
12h,100,0.7549019607843137,76.69104136363636,67
24h,201,0.7536764705882353,44.389569993502874,67
48h,481,0.7052696078431373,147.36104913064557,67
6h,40,0.803921568627451,177.9295833333333,124
12h,79,0.8063725490196079,212.19446259469697,124
24h,169,0.7928921568627451,184.74947539251207,124
48h,320,0.803921568627451,82.79180582815245,124
6h,42,0.7941176470588235,6.358333333333334,89
12h,90,0.7794117647058824,7.798002244668911,89
24h,178,0.7818627450980392,45.283945243121174,89
48h,389,0.7616421568627451,193.94563141942857,89
6h,48,0.7647058823529411,97.53944444444444,77
12h,92,0.7745098039215687,101.42271885521885,77
24h,193,0.7634803921568627,84.83752652156801,77
48h,364,0.7769607843137255,151.81717919447442,77
6h,51,0.75,67.82126547619048,40
12h,105,0.7426470588235294,49.134321419753086,40
24h,224,0.7254901960784313,52.18021890963204,40
6h,41,0.7990196078431373,34.461875,44
12h,90,0.7794117647058824,63.34448855218855,44
24h,178,0.7818627450980392,39.06089550485746,44
6h,46,0.7745098039215687,91.05972222222222,26
12h,85,0.7916666666666666,51.64535037878788,26
6h,43,0.7892156862745098,127.09166666666667,54
12h,88,0.7843137254901961,128.00227803030302,54
24h,156,0.8088235294117647,139.56406966409583,54
6h,32,0.8431372549019608,59.64833333333333,38
12h,71,0.8259803921568627,101.59936553030303,38
24h,142,0.8259803921568627,76.12846642158163,38
6h,59,0.7107843137254902,70.78999166666667,19
6h,38,0.8137254901960784,116.83404761904764,34
12h,77,0.8112745098039216,233.16844696969696,34
24h,158,0.8063725490196079,152.5255348673066,34
6h,42,0.7941176470588235,27.824999999999996,83
12h,93,0.7720588235294118,24.119099197860965,83
24h,189,0.7683823529411765,34.02977445372088,83
48h,360,0.7794117647058824,31.73515340732037,83
6h,34,0.8333333333333334,39.259166666666665,88
12h,73,0.821078431372549,608.2793110795454,88
24h,148,0.8186274509803921,796.4730088442657,88
48h,315,0.8069852941176471,462.492525171855,88
6h,38,0.8137254901960784,233.72857142857143,54
12h,75,0.8161764705882353,187.22053345959597,54
24h,152,0.8137254901960784,614.337420445052,54
6h,36,0.8235294117647058,67.00642857142857,18
6h,32,0.8431372549019608,25.266666666666666,25
12h,80,0.803921568627451,37.76638888888889,25
6h,52,0.7450980392156863,15.555555555555555,75
12h,91,0.7769607843137255,237.32851325757574,75
24h,169,0.7928921568627451,204.65037479871182,75
48h,342,0.7904411764705882,156.94288045642915,75
6h,46,0.7745098039215687,208.91666666666666,54
12h,92,0.7745098039215687,289.23754713804715,54
24h,187,0.7708333333333334,210.3003318119079,54
6h,55,0.7303921568627451,97.53571428571429,29
12h,85,0.7916666666666666,454.990009920635,29
6h,19,0.9068627450980392,8.693333333333333,91
12h,45,0.8897058823529411,44.25984848484848,91
24h,112,0.8627450980392157,20.27628201882588,91
48h,199,0.8780637254901961,50.970064753920006,91
6h,25,0.8774509803921569,27.930555555555557,30
12h,74,0.8186274509803921,15.517291666666667,30
6h,41,0.7990196078431373,13.47777777777778,29
12h,93,0.7720588235294118,19.807699724517907,29
6h,50,0.7549019607843137,28.064285714285713,115
12h,96,0.7647058823529411,34.176035353535354,115
24h,170,0.7916666666666666,27.545667866191785,115
48h,361,0.7787990196078431,33.8596121179353,115
6h,52,0.7450980392156863,192.79958333333335,121
12h,96,0.7647058823529411,175.71807260101008,121
24h,184,0.7745098039215687,358.7403648205659,121
48h,369,0.7738970588235294,199.57490654456288,121
6h,52,0.7450980392156863,61.694375,46
12h,90,0.7794117647058824,40.25172348484848,46
24h,176,0.7843137254901961,90.52731752305667,46
6h,34,0.8333333333333334,51.361875,24
12h,66,0.8382352941176471,80.96368055555556,24
6h,44,0.7843137254901961,10.720104166666665,22
12h,110,0.7303921568627451,21.273260370370362,22
6h,39,0.8088235294117647,40.06944444444445,17
6h,26,0.8725490196078431,113.53999999999999,72
12h,58,0.8578431372549019,113.66818181818182,72
24h,132,0.8382352941176471,136.6747997835498,72
48h,300,0.8161764705882353,72.52498812771645,72
6h,39,0.8088235294117647,10.686111111111112,55
12h,70,0.8284313725490197,22.96168831168831,55
24h,159,0.8051470588235294,63.657303469477384,55
6h,37,0.8186274509803921,16.851388888888888,33
12h,87,0.7867647058823529,13.129227994227993,33
6h,37,0.8186274509803921,96.66666666666667,57
12h,83,0.7965686274509803,86.79748016528924,57
24h,173,0.7879901960784313,89.57165636718354,57
6h,38,0.8137254901960784,9.705555555555556,70
12h,77,0.8112745098039216,57.870000000000005,70
24h,166,0.7965686274509803,90.17114576275173,70
48h,322,0.8026960784313726,96.91376868686645,70
6h,53,0.7401960784313726,11.558095238095238,20
6h,39,0.8088235294117647,110.59104761904761,142
12h,81,0.8014705882352942,134.89834145021644,142
24h,170,0.7916666666666666,79.44668371417984,142
48h,351,0.7849264705882353,74.55165409558788,142
6h,42,0.7941176470588235,48.198083333333344,54
12h,96,0.7647058823529411,32.405066287878796,54
24h,186,0.7720588235294118,29.678710415490308,54
6h,37,0.8186274509803921,17.07777777777778,176
12h,74,0.8186274509803921,33.108225108225106,176
24h,149,0.8174019607843137,33.21669875776398,176
48h,309,0.8106617647058824,49.158213652482274,176
6h,61,0.7009803921568627,117.05131111111113,128
12h,122,0.7009803921568627,72.26552357864358,128
24h,217,0.7340686274509803,46.19984953948006,128
48h,397,0.7567401960784313,151.1361779858901,128
6h,50,0.7549019607843137,18.843374999999998,44
12h,106,0.7401960784313726,22.061067373737377,44
24h,218,0.7328431372549019,97.00697940983773,44
6h,59,0.7107843137254902,25.237812499999997,18
6h,68,0.6666666666666666,8.729545454545455,119
12h,108,0.7352941176470589,17.850273415977963,119
24h,192,0.7647058823529411,33.72000274725274,119
48h,420,0.7426470588235294,49.25954372071483,119
6h,33,0.8382352941176471,20.386428571428574,96
12h,74,0.8186274509803921,38.29493055555556,96
24h,151,0.8149509803921569,49.02441515721121,96
48h,293,0.8204656862745098,24.067876891698536,96
6h,26,0.8725490196078431,75.79916666666668,36
12h,75,0.8161764705882353,93.52252525252524,36
24h,153,0.8125,94.02205637116506,36
6h,50,0.7549019607843137,87.24761904761905,75
12h,89,0.7818627450980392,95.35598484848484,75
24h,172,0.7892156862745098,512.4526615612648,75
48h,346,0.7879901960784313,179.93892323823707,75
6h,37,0.8186274509803921,6.331428571428572,112
12h,68,0.8333333333333334,36.552799422799424,112
24h,133,0.8370098039215687,28.921934137291284,112
48h,260,0.8406862745098039,29.75553040058687,112
6h,44,0.7843137254901961,28.885714285714283,153
12h,82,0.7990196078431373,27.58376893939394,153
24h,160,0.803921568627451,40.82238586956522,153
48h,318,0.8051470588235294,907.5144510008552,153
6h,39,0.8088235294117647,19.34645833333333,44
12h,82,0.7990196078431373,26.998178661616162,44
24h,174,0.7867647058823529,54.74102281291173,44
6h,37,0.8186274509803921,28.651190476190475,66
12h,75,0.8161764705882353,20.05608585858586,66
24h,156,0.8088235294117647,21.594524699223356,66
48h,292,0.821078431372549,26.20240571928072,66
6h,40,0.803921568627451,25.423809523809524,115
12h,85,0.7916666666666666,201.0898484848485,115
24h,178,0.7818627450980392,204.95492313899862,115
48h,352,0.7843137254901961,158.05471230877768,115
6h,53,0.7401960784313726,13.938571428571427,18
6h,54,0.7352941176470589,25.530238095238097,100
12h,91,0.7769607843137255,57.12848484848485,100
24h,166,0.7965686274509803,46.775321946169775,100
48h,318,0.8051470588235294,20.803015955769112,100
6h,39,0.8088235294117647,71.24047619047619,55
12h,81,0.8014705882352942,41.79360795454546,55
24h,182,0.7769607843137255,311.55514591844644,55
6h,44,0.7843137254901961,32.927499999999995,21
6h,53,0.7401960784313726,67.465625,49
12h,93,0.7720588235294118,76.18645622895622,49
24h,168,0.7941176470588235,73.77658880029283,49
6h,36,0.8235294117647058,35.70119047619048,65
12h,63,0.8455882352941176,67.20652777777778,65
24h,150,0.8161764705882353,254.27800838744588,65
48h,322,0.8026960784313726,80.99411056092157,65
6h,42,0.7941176470588235,125.15476190476191,148
12h,87,0.7867647058823529,424.60326318742983,148
24h,187,0.7708333333333334,439.04946934667583,148
48h,375,0.7702205882352942,158.6821587101156,148
6h,44,0.7843137254901961,47.018055555555556,33
12h,81,0.8014705882352942,71.97896780303032,33
6h,70,0.6568627450980392,48.756953571428575,140
12h,111,0.7279411764705882,59.756270070546734,140
24h,205,0.7487745098039216,60.533976582890794,140
48h,403,0.7530637254901961,65.50245487897868,140
6h,38,0.8137254901960784,139.75277777777777,86
12h,77,0.8112745098039216,78.78280303030303,86
24h,152,0.8137254901960784,60.691334509693206,86
48h,325,0.8008578431372549,28.384341405566687,86
6h,54,0.7352941176470589,288.9460416666667,45
12h,106,0.7401960784313726,145.29458820346318,45
24h,201,0.7536764705882353,76.98359998344651,45
6h,38,0.8137254901960784,26.888571428571428,111
12h,76,0.8137254901960784,24.356883116883118,111
24h,158,0.8063725490196079,43.172441205533595,111
48h,311,0.8094362745098039,69.41042078919502,111
6h,50,0.7549019607843137,15.56357142857143,48
12h,80,0.803921568627451,21.99497835497835,48
24h,123,0.8492647058823529,18.076300420168067,48
6h,37,0.8186274509803921,44.74444444444445,312
12h,75,0.8161764705882353,73.63147727272727,312
24h,159,0.8051470588235294,62.204711494742824,312
48h,317,0.8057598039215687,70.13855957273374,312
6h,42,0.7941176470588235,16.904285714285713,28
12h,94,0.7696078431372549,141.5125989057239,28
6h,23,0.8872549019607843,30.166666666666664,39
12h,81,0.8014705882352942,84.30512417582416,39
24h,177,0.7830882352941176,73.83924986362966,39
6h,43,0.7892156862745098,55.85687500000001,139
12h,97,0.7622549019607843,35.10358901515151,139
24h,184,0.7745098039215687,28.120814805665347,139
48h,367,0.7751225490196079,39.08148548937572,139
6h,36,0.8235294117647058,28.276904761904763,58
12h,72,0.8235294117647058,107.82240845959595,58
24h,150,0.8161764705882353,106.37575511221235,58
48h,316,0.8063725490196079,78.04791966722495,58
6h,44,0.7843137254901961,6.45952380952381,75
12h,81,0.8014705882352942,120.5297619047619,75
24h,169,0.7928921568627451,97.67167414831545,75
48h,350,0.7855392156862745,66.14089751842232,75
6h,28,0.8627450980392157,120.1196875,41
12h,70,0.8284313725490197,96.52539428571428,41
24h,173,0.7879901960784313,65.01547140031686,41
6h,26,0.8725490196078431,84.33333333333333,96
12h,76,0.8137254901960784,38.53238816738817,96
24h,145,0.8223039215686274,67.55773654916513,96
48h,295,0.8192401960784313,155.59674118538427,96
6h,45,0.7794117647058824,63.93354166666667,53
12h,95,0.7671568627450981,84.84225108225108,53
24h,186,0.7720588235294118,168.6615827966881,53
6h,35,0.8284313725490197,35.651428571428575,51
12h,81,0.8014705882352942,86.42523809523809,51
24h,166,0.7965686274509803,77.29959686147185,51
6h,51,0.75,101.38125,183
12h,97,0.7622549019607843,85.74053872053872,183
24h,202,0.7524509803921569,168.69837431343362,183
48h,432,0.7352941176470589,238.05812660238493,183
6h,44,0.7843137254901961,31.972222222222218,43
12h,81,0.8014705882352942,41.203150252525255,43
24h,157,0.8075980392156863,43.633879452129996,43
6h,43,0.7892156862745098,20.372142857142858,22
12h,84,0.7941176470588235,42.12472537878788,22
6h,37,0.8186274509803921,47.095000000000006,37
12h,54,0.8676470588235294,87.45347222222222,37
24h,115,0.8590686274509803,86.24763670582944,37
6h,37,0.8186274509803921,47.95703703703704,129
12h,94,0.7696078431372549,114.09742985409655,129
24h,181,0.7781862745098039,238.78061722488044,129
48h,368,0.7745098039215687,224.6825545578325,129
6h,55,0.7303921568627451,195.78374999999997,35
12h,92,0.7745098039215687,147.73282196969697,35
24h,180,0.7794117647058824,49.05762577694,35
6h,33,0.8382352941176471,127.84489583333334,127
12h,89,0.7818627450980392,527.2420022446689,127
24h,182,0.7769607843137255,241.965374628531,127
48h,405,0.7518382352941176,119.80946192059616,127
6h,46,0.7745098039215687,66.99416666666667,160
12h,103,0.7475490196078431,60.753228956228945,160
24h,193,0.7634803921568627,71.37031063568745,160
48h,378,0.7683823529411765,42.94138355670706,160
6h,37,0.8186274509803921,23.994444444444444,34
12h,92,0.7745098039215687,92.55805871212121,34
24h,168,0.7941176470588235,95.26094467943125,34
6h,98,0.5196078431372549,133.67941944444442,42
12h,197,0.5171568627450981,119.96640312169315,42
24h,310,0.6200980392156863,451.13928480792646,42
6h,39,0.8088235294117647,11.236145833333335,69
12h,45,0.8897058823529411,14.629270833333333,69
24h,81,0.9007352941176471,171.31326303258146,69
48h,131,0.9197303921568627,151.66268376711008,69
6h,48,0.7647058823529411,81.21970833333333,59
12h,95,0.7671568627450981,105.51525324675326,59
24h,206,0.7475490196078431,133.59568715891595,59
48h,438,0.7316176470588235,108.11350969665735,59
6h,60,0.7058823529411765,55.93347000000001,27
12h,167,0.5906862745098039,4993.832401598845,27
6h,13,0.9362745098039216,171.5,16
6h,43,0.7892156862745098,32.425000000000004,221
12h,86,0.7892156862745098,25.76066287878788,221
24h,183,0.7757352941176471,34.08672649044796,221
48h,367,0.7751225490196079,110.38505603899159,221
6h,36,0.8235294117647058,27.372222222222224,45
12h,87,0.7867647058823529,22.681872294372294,45
24h,170,0.7916666666666666,47.85159084321476,45
6h,38,0.8137254901960784,21.73380952380952,165
12h,88,0.7843137254901961,285.29948863636366,165
24h,167,0.7953431372549019,152.0648665811845,165
48h,336,0.7941176470588235,81.66490793602809,165
6h,19,0.9068627450980392,90.41666666666667,77
12h,66,0.8382352941176471,58.14769841269841,77
24h,140,0.8284313725490197,39.93877551020408,77
48h,297,0.8180147058823529,18.163194821787457,77
6h,37,0.8186274509803921,46.51111111111111,51
12h,75,0.8161764705882353,74.51251082251083,51
24h,150,0.8161764705882353,82.90706418219462,51
6h,47,0.7696078431372549,157.77088333333333,90
12h,90,0.7794117647058824,109.72909629629629,90
24h,199,0.7561274509803921,42.17756036422578,90
48h,387,0.7628676470588235,74.52549481481346,90
6h,36,0.8235294117647058,58.42190476190476,162
12h,74,0.8186274509803921,408.33367424242425,162
24h,162,0.8014705882352942,245.57539549218896,162
48h,330,0.7977941176470589,76.51607831754177,162
6h,39,0.8088235294117647,11.11892857142857,98
12h,79,0.8063725490196079,61.126458796296305,98
24h,175,0.7855392156862745,139.44880396070192,98
48h,411,0.7481617647058824,986.044487444791,98
6h,43,0.7892156862745098,46.87166666666666,122
12h,86,0.7892156862745098,47.67832149621212,122
24h,186,0.7720588235294118,48.69062932312253,122
48h,388,0.7622549019607843,47499.936175806484,122
6h,42,0.7941176470588235,44.14357142857143,32
12h,81,0.8014705882352942,167.80287575757578,32
6h,42,0.7941176470588235,8.177619047619048,26
12h,83,0.7965686274509803,8.996278409090909,26
6h,60,0.7058823529411765,13.077229166666667,98
12h,104,0.7450980392156863,17.860572240259742,98
24h,187,0.7708333333333334,28.00061002834408,98
48h,384,0.7647058823529411,25.11847356568101,98
6h,13,0.9362745098039216,,74
12h,20,0.9509803921568627,122.16071428571429,74
24h,40,0.9509803921568627,57.72404761904761,74
48h,85,0.9479166666666666,56.185842712842714,74
6h,40,0.803921568627451,13.818214285714285,17
6h,33,0.8382352941176471,8.953809523809525,224
12h,72,0.8235294117647058,15.345983302411872,224
24h,149,0.8174019607843137,19.170497778902387,224
48h,327,0.7996323529411765,47.7335139980352,224
6h,48,0.7647058823529411,25.928571428571427,51
12h,90,0.7794117647058824,16.59136994949495,51
24h,166,0.7965686274509803,20.319298160173158,51
6h,34,0.8333333333333334,12.91388888888889,98
12h,89,0.7818627450980392,34.92228535353536,98
24h,155,0.8100490196078431,31.321542517910935,98
48h,324,0.8014705882352942,65.5873672466352,98
6h,50,0.7549019607843137,67.38291666666666,184
12h,87,0.7867647058823529,73.87821022727273,184
24h,152,0.8137254901960784,72.0114550865801,184
48h,304,0.8137254901960784,73.31710676559824,184
6h,55,0.7303921568627451,24.729761904761908,23
12h,111,0.7279411764705882,50.3535518939394,23
6h,40,0.803921568627451,112.29214285714285,18
6h,44,0.7843137254901961,8.864166666666666,108
12h,84,0.7941176470588235,9.992454545454544,108
24h,200,0.7549019607843137,76.43330924293099,108
48h,446,0.7267156862745098,83.37695571595599,108
6h,62,0.696078431372549,24.436625,104
12h,109,0.7328431372549019,26.39569128787879,104
24h,224,0.7254901960784313,55.996350207039335,104
48h,446,0.7267156862745098,50.93373722804263,104
6h,44,0.7843137254901961,30.45357142857143,107
12h,90,0.7794117647058824,135.26531144781146,107
24h,182,0.7769607843137255,66.96849881913549,107
48h,344,0.7892156862745098,174.3968422732224,107
6h,41,0.7990196078431373,129.965,29
12h,70,0.8284313725490197,154.45800780022444,29
6h,50,0.7549019607843137,60.87785714285714,56
12h,98,0.7598039215686274,66.53539081289081,56
24h,187,0.7708333333333334,58.75973426399545,56
6h,38,0.8137254901960784,28.783333333333335,86
12h,86,0.7892156862745098,31.01049242424243,86
24h,162,0.8014705882352942,43.26824637681159,86
48h,321,0.8033088235294118,75.54044667554652,86
6h,37,0.8186274509803921,546.3666666666667,54
12h,81,0.8014705882352942,281.574494949495,54
24h,156,0.8088235294117647,207.0373687182383,54
6h,51,0.75,32.63583333333333,75
12h,88,0.7843137254901961,56.96719696969696,75
24h,168,0.7941176470588235,275.3527712110756,75
48h,325,0.8008578431372549,97.04322528528768,75
6h,49,0.7598039215686274,112.744375,135
12h,87,0.7867647058823529,129.7368181818182,135
24h,164,0.7990196078431373,99.39734092085452,135
48h,309,0.8106617647058824,96.56280032981945,135
6h,47,0.7696078431372549,87.490545,18
6h,44,0.7843137254901961,47.56190476190476,119
12h,85,0.7916666666666666,37.13245069745071,119
24h,170,0.7916666666666666,57.3150280349365,119
48h,347,0.7873774509803921,32.87246146664616,119
6h,70,0.6568627450980392,9.042939393939394,28
12h,143,0.6495098039215687,947.4642149319282,28
6h,29,0.8578431372549019,48.055555555555564,54
12h,81,0.8014705882352942,55.97869318181819,54
24h,148,0.8186274509803921,67.40801937441643,54
6h,37,0.8186274509803921,6.844444444444445,70
12h,86,0.7892156862745098,351.9348106060606,70
24h,164,0.7990196078431373,420.4644723731884,70
48h,341,0.7910539215686274,196.06774750654853,70
6h,43,0.7892156862745098,10.877395833333335,30
12h,87,0.7867647058823529,12.54674558080808,30
6h,45,0.7794117647058824,233.28166666666667,63
12h,94,0.7696078431372549,295.39312850729516,63
24h,189,0.7683823529411765,288.18143417812206,63
48h,374,0.7708333333333334,275.5881173921559,63
6h,47,0.7696078431372549,20.271250000000002,57
12h,91,0.7769607843137255,30.469419191919187,57
24h,196,0.7598039215686274,27.929384306273434,57
6h,38,0.8137254901960784,26.995833333333334,256
12h,77,0.8112745098039216,227.6866193181818,256
24h,162,0.8014705882352942,213.74447887728212,256
48h,328,0.7990196078431373,76.95233598434976,256
6h,39,0.8088235294117647,254.69722222222222,53
12h,78,0.8088235294117647,476.6228977272727,53
24h,167,0.7953431372549019,201.0187278582931,53
6h,34,0.8333333333333334,127.65416666666665,40
12h,77,0.8112745098039216,144.97634154040406,40
24h,163,0.8002450980392157,73.69575049628547,40
6h,40,0.803921568627451,26.380952380952383,26
12h,94,0.7696078431372549,62.46785353535355,26
6h,31,0.8480392156862745,17.21666666666667,48
12h,76,0.8137254901960784,20.19358585858586,48
24h,165,0.7977941176470589,32.19481081074723,48
6h,45,0.7794117647058824,10.280208333333333,200
12h,89,0.7818627450980392,47.81123737373738,200
24h,188,0.7696078431372549,73.1797882447665,200
48h,372,0.7720588235294118,94.7788219216071,200
6h,41,0.7990196078431373,205.3988095238095,43
12h,84,0.7941176470588235,154.25141729797974,43
24h,185,0.7732843137254902,259.5138274938599,43
6h,32,0.8431372549019608,312.26550000000003,52
12h,71,0.8259803921568627,157.42616666666666,52
24h,162,0.8014705882352942,83.9712933067964,52
6h,42,0.7941176470588235,109.54375,85
12h,91,0.7769607843137255,455.4354846079846,85
24h,205,0.7487745098039216,355.9883395980782,85
48h,379,0.7677696078431373,261.01377921766834,85
6h,25,0.8774509803921569,1.1666666666666667,58
12h,45,0.8897058823529411,29.032190476190472,58
24h,131,0.8394607843137255,216.31569873472114,58
48h,267,0.8363970588235294,250.10858978048458,58
6h,49,0.7598039215686274,29.887619047619047,30
12h,82,0.7990196078431373,42.729659090909095,30
6h,33,0.8382352941176471,28.071428571428573,37
12h,70,0.8284313725490197,107.36720418470419,37
24h,142,0.8259803921568627,103.45839144551101,37
6h,39,0.8088235294117647,11.444444444444445,19
6h,42,0.7941176470588235,168.01319444444445,94
12h,77,0.8112745098039216,85.71447330447332,94
24h,149,0.8174019607843137,131.5819503309905,94
48h,299,0.8167892156862745,80.84714222868115,94
6h,25,0.8774509803921569,143.65277777777777,69
12h,70,0.8284313725490197,105.31153061224491,69
24h,129,0.8419117647058824,108.82295439112485,69
48h,281,0.8278186274509803,79.32953731207093,69
6h,45,0.7794117647058824,13.609375,35
12h,91,0.7769607843137255,26.99864478114478,35
24h,227,0.7218137254901961,183.698314068323,35
6h,33,0.8382352941176471,7.044583333333333,43
12h,62,0.8480392156862745,10.663019345238096,43
24h,135,0.8345588235294118,84.06739530812325,43
6h,36,0.8235294117647058,25.145285714285713,208
12h,76,0.8137254901960784,27.30317388167388,208
24h,160,0.803921568627451,69.4731114832123,208
48h,306,0.8125,30.97723845773192,208
6h,34,0.8333333333333334,28.11388888888889,26
12h,58,0.8578431372549019,45.06776643990929,26
6h,61,0.7009803921568627,138.27803703703705,144
12h,117,0.7132352941176471,87.625154004329,144
24h,220,0.7303921568627451,122.59257286490684,144
48h,458,0.7193627450980392,64.85430419469262,144
6h,59,0.7107843137254902,22.62198888888889,76
12h,130,0.6813725490196079,28.096302666666666,76
24h,268,0.6715686274509803,51.57208530397139,76
48h,551,0.6623774509803921,434621.40396855614,76
6h,35,0.8284313725490197,102.13814285714284,64
12h,78,0.8088235294117647,119.5869090909091,64
24h,174,0.7867647058823529,138.57260704874835,64
48h,378,0.7683823529411765,166.54375036008264,64
6h,36,0.8235294117647058,99.1,82
12h,85,0.7916666666666666,76.85700757575756,82
24h,161,0.8026960784313726,61.59036433448798,82
48h,324,0.8014705882352942,211.23716273378116,82
6h,35,0.8284313725490197,81.82857142857142,122
12h,84,0.7941176470588235,97.76365367965367,122
24h,158,0.8063725490196079,47.48481974864698,122
48h,307,0.8118872549019608,54.283466458988045,122
6h,48,0.7647058823529411,14.894598717948716,29
12h,89,0.7818627450980392,32.845381349206356,29
6h,41,0.7990196078431373,145.22125,54
12h,91,0.7769607843137255,132.7781376262626,54
24h,153,0.8125,111.43932327430315,54
6h,76,0.6274509803921569,16.02353550724638,80
12h,142,0.6519607843137255,68.95651983203463,80
24h,255,0.6875,48.14370257194014,80
48h,532,0.6740196078431373,155.61726920575438,80
6h,49,0.7598039215686274,117.66395833333333,21
6h,43,0.7892156862745098,28.155833333333334,108
12h,82,0.7990196078431373,39.68758252164502,108
24h,164,0.7990196078431373,66.70714043003565,108
48h,346,0.7879901960784313,92.6711265385709,108
6h,48,0.7647058823529411,101.10000000000002,89
12h,86,0.7892156862745098,115.48263257575758,89
24h,163,0.8002450980392157,131.25906159420288,89
48h,318,0.8051470588235294,64.71090207752333,89
6h,41,0.7990196078431373,18.14990476190476,162
12h,77,0.8112745098039216,69.1069069664903,162
24h,146,0.821078431372549,174.19291362937332,162
48h,347,0.7873774509803921,114.37050471697255,162
6h,42,0.7941176470588235,36.11495238095238,27
12h,84,0.7941176470588235,48.87858008658009,27
6h,41,0.7990196078431373,72.29114583333336,227
12h,86,0.7892156862745098,57.57199873737374,227
24h,186,0.7720588235294118,64.62418091473742,227
48h,379,0.7677696078431373,40.48663300009196,227
6h,37,0.8186274509803921,102.98888888888888,24
12h,87,0.7867647058823529,100.19689393939395,24
6h,38,0.8137254901960784,209.0511694444444,21
6h,42,0.7941176470588235,63.92222222222222,22
12h,77,0.8112745098039216,68.01337662337663,22
6h,40,0.803921568627451,22.090277777777775,113
12h,72,0.8235294117647058,62.301385281385286,113
24h,162,0.8014705882352942,67.29186807547526,113
48h,313,0.8082107843137255,86.23667734388646,113
6h,54,0.7352941176470589,4.66974074074074,105
12h,106,0.7401960784313726,24.298304063360884,105
24h,210,0.7426470588235294,15.593786742659512,105
48h,417,0.7444852941176471,38.287824947855405,105
6h,50,0.7549019607843137,43.263958333333335,24
12h,103,0.7475490196078431,65.78633267045456,24
6h,54,0.7352941176470589,17.784005555555556,221
12h,101,0.7524509803921569,9.271850126262628,221
24h,192,0.7647058823529411,12.41772316566284,221
48h,395,0.7579656862745098,50.8819924686368,221
6h,51,0.75,164.622375,118
12h,96,0.7647058823529411,58.35677121212122,118
24h,224,0.7254901960784313,114.46958104995691,118
48h,500,0.6936274509803921,182.86822510962295,118
6h,48,0.7647058823529411,20.68888888888889,312
12h,76,0.8137254901960784,20.56987940630798,312
24h,144,0.8235294117647058,46.482966981848556,312
48h,299,0.8167892156862745,58.283513442483326,312
6h,75,0.6323529411764706,182.41352982456138,18
6h,55,0.7303921568627451,28.434375000000003,99
12h,100,0.7549019607843137,168.6544781144781,99
24h,184,0.7745098039215687,212.00095529483934,99
48h,362,0.7781862745098039,88.93783920545168,99
6h,37,0.8186274509803921,38.04027777777778,195
12h,77,0.8112745098039216,26.906588103254773,195
24h,124,0.8480392156862745,34.37133109857979,195
48h,205,0.8743872549019608,30.294100314663847,195
6h,40,0.803921568627451,54.253750000000004,82
12h,78,0.8088235294117647,57.413626893939394,82
24h,164,0.7990196078431373,42.44022889348977,82
48h,314,0.8075980392156863,125.15815695818586,82
6h,36,0.8235294117647058,109.2625,31
12h,84,0.7941176470588235,163.33428030303028,31
6h,71,0.6519607843137255,32.561177916666665,89
12h,111,0.7279411764705882,42.590224172335596,89
24h,191,0.7659313725490197,46.73032501405027,89
48h,356,0.7818627450980392,51.441555435218,89
6h,41,0.7990196078431373,17.62852380952381,180
12h,84,0.7941176470588235,24.971267045454546,180
24h,173,0.7879901960784313,112.21789089725326,180
48h,363,0.7775735294117647,79.28787556801166,180
6h,48,0.7647058823529411,23.881666666666668,37
12h,95,0.7671568627450981,24.787171115921115,37
24h,202,0.7524509803921569,30.73013006880398,37
6h,61,0.7009803921568627,36.45362962962963,67
12h,114,0.7205882352941176,22.81981534090909,67
24h,235,0.7120098039215687,68.69802280961792,67
48h,481,0.7052696078431373,95.9296437013994,67
6h,31,0.8480392156862745,68.125,29
12h,88,0.7843137254901961,70.35335772907648,29
6h,50,0.7549019607843137,27.766875,94
12h,94,0.7696078431372549,102.51893097643098,94
24h,174,0.7867647058823529,93.03381328162578,94
48h,321,0.8033088235294118,100.99242121625335,94
6h,38,0.8137254901960784,5.533333333333334,41
12h,86,0.7892156862745098,40.1119981060606,41
24h,177,0.7830882352941176,54.31924156602255,41
6h,40,0.803921568627451,20.096666666666668,17
6h,55,0.7303921568627451,459.6152083333333,209
12h,99,0.7573529411764706,326.1183333333333,209
24h,186,0.7720588235294118,379.5794581392339,209
48h,370,0.7732843137254902,161.32362612868897,209
6h,38,0.8137254901960784,4.0613125,68
12h,85,0.7916666666666666,41.64647569444444,68
24h,179,0.7806372549019608,169.37815242848237,68
48h,321,0.8033088235294118,94.44058950894487,68
6h,39,0.8088235294117647,115.939,35
12h,86,0.7892156862745098,103.44204545454545,35
24h,182,0.7769607843137255,508.7324580673377,35
6h,38,0.8137254901960784,9.988809523809524,32
12h,86,0.7892156862745098,11.435823863636363,32
6h,72,0.6470588235294118,31.024063333333334,27
12h,100,0.7549019607843137,572.8385494708995,27
6h,40,0.803921568627451,77.82452380952381,26
12h,84,0.7941176470588235,97.50193181818182,26
6h,42,0.7941176470588235,17.33125,23
12h,88,0.7843137254901961,60.28092907647907,23
6h,40,0.803921568627451,406.9433333333333,24
12h,78,0.8088235294117647,221.45825757575759,24
6h,14,0.9313725490196079,10.535714285714286,54
12h,47,0.8848039215686274,12.025833333333333,54
24h,136,0.8333333333333334,48.18542062594268,54
6h,43,0.7892156862745098,3.9880952380952377,47
12h,85,0.7916666666666666,25.684867424242423,47
24h,191,0.7659313725490197,32.60059393540025,47
6h,27,0.8676470588235294,105.62571428571428,49
12h,54,0.8676470588235294,191.7095535714286,49
24h,120,0.8529411764705882,208.64908496732028,49
6h,54,0.7352941176470589,43.50202380952381,22
12h,85,0.7916666666666666,65.79961038961038,22
6h,56,0.7254901960784313,111.81645833333334,33
12h,94,0.7696078431372549,98.83303948576676,33
6h,37,0.8186274509803921,53.43947916666666,51
12h,95,0.7671568627450981,82.95265999278499,51
24h,169,0.7928921568627451,83.4658259117044,51
6h,57,0.7205882352941176,43.68296296296297,59
12h,103,0.7475490196078431,80.77802412587411,59
24h,195,0.7610294117647058,87.24587729804702,59
48h,356,0.7818627450980392,59.975050461219894,59
6h,52,0.7450980392156863,43.711760416666664,62
12h,105,0.7426470588235294,50.52236323297914,62
24h,221,0.7291666666666666,53.56906357965848,62
48h,451,0.7236519607843137,70.46505361829234,62
6h,35,0.8284313725490197,33.00833333333333,27
12h,61,0.8504901960784313,30.011363636363637,27
6h,41,0.7990196078431373,111.08062500000001,64
12h,70,0.8284313725490197,206.70472853535352,64
24h,146,0.821078431372549,550.9402626488096,64
48h,301,0.8155637254901961,173.6832750171765,64
6h,43,0.7892156862745098,4.127857142857144,32
12h,86,0.7892156862745098,3.014713804713805,32
6h,47,0.7696078431372549,180.00314814814814,310
12h,100,0.7549019607843137,98.33237373737373,310
24h,183,0.7757352941176471,73.50047011174547,310
48h,372,0.7720588235294118,345.17440240014776,310
6h,34,0.8333333333333334,48.75638888888889,90
12h,67,0.8357843137254902,58.83835137085138,90
24h,152,0.8137254901960784,43.22285055720246,90
48h,378,0.7683823529411765,52.25945573661788,90
6h,39,0.8088235294117647,18.564285714285713,72
12h,89,0.7818627450980392,121.16786195286197,72
24h,171,0.7904411764705882,66.21724499132108,72
48h,347,0.7873774509803921,61.38050129420703,72
6h,49,0.7598039215686274,117.77625,89
12h,91,0.7769607843137255,60.41132659932661,89
24h,211,0.741421568627451,31.49750921900161,89
48h,427,0.7383578431372549,52.38037634157991,89
6h,49,0.7598039215686274,133.38809523809525,59
12h,91,0.7769607843137255,62.96758417508417,59
24h,164,0.7990196078431373,73.96409530083444,59
48h,343,0.789828431372549,130.49463347962177,59
6h,46,0.7745098039215687,58.41904761904761,46
12h,92,0.7745098039215687,71.24942318181817,46
24h,164,0.7990196078431373,57.83795088744589,46
6h,45,0.7794117647058824,23.36416666666667,196
12h,93,0.7720588235294118,30.162333449883445,196
24h,193,0.7634803921568627,39.06418888287638,196
48h,361,0.7787990196078431,72.10187324804949,196
6h,48,0.7647058823529411,59.68166666666667,145
12h,86,0.7892156862745098,142.45553451178452,145
24h,165,0.7977941176470589,124.20255067496913,145
48h,334,0.7953431372549019,95.60194920272771,145
6h,69,0.6617647058823529,40.25623666666667,169
12h,123,0.6985294117647058,25.68656985645933,169
24h,243,0.7022058823529411,46.959488349688044,169
48h,469,0.7126225490196079,86.09425291539901,169
6h,31,0.8480392156862745,59.957395833333344,140
12h,70,0.8284313725490197,36.84667658730159,140
24h,194,0.7622549019607843,22.183937500356002,140
48h,406,0.7512254901960784,39.88124031962713,140
6h,32,0.8431372549019608,112.42305555555556,145
12h,68,0.8333333333333334,92.31556958473624,145
24h,152,0.8137254901960784,126.23118148724173,145
48h,310,0.8100490196078431,79.30719044541074,145
6h,48,0.7647058823529411,34.66471875,82
12h,108,0.7352941176470589,45.37823863636365,82
24h,202,0.7524509803921569,75.19530074997466,82
48h,405,0.7518382352941176,491.0352933431971,82
6h,38,0.8137254901960784,56.179285714285705,161
12h,79,0.8063725490196079,56.93663419913421,161
24h,157,0.8075980392156863,43.10239744318182,161
48h,286,0.8247549019607843,51.37889974787855,161
6h,39,0.8088235294117647,326.177380952381,52
12h,84,0.7941176470588235,818.8958996212123,52
24h,174,0.7867647058823529,321.19855095267053,52
6h,44,0.7843137254901961,34.44,40
12h,81,0.8014705882352942,99.49343995510661,40
24h,150,0.8161764705882353,626.0846891856548,40
6h,41,0.7990196078431373,57.72316666666667,132
12h,90,0.7794117647058824,43.62592063492064,132
24h,194,0.7622549019607843,47.404666804029304,132
48h,386,0.7634803921568627,105.77793809057509,132
6h,49,0.7598039215686274,18.16,98
12h,88,0.7843137254901961,13.189583333333333,98
24h,169,0.7928921568627451,121.20160311709225,98
48h,334,0.7953431372549019,68.96122254395524,98
6h,47,0.7696078431372549,18.967380952380953,22
12h,93,0.7720588235294118,86.14947888257576,22
6h,16,0.9215686274509803,1.0,240
12h,32,0.9215686274509803,18.995952380952385,240
24h,60,0.9264705882352942,26.756645846217275,240
48h,141,0.9136029411764706,20.05844996666751,240
6h,67,0.6715686274509803,61.03120833333333,51
12h,118,0.7107843137254902,54.979163183170996,51
24h,215,0.7365196078431373,52.017797219967534,51
6h,20,0.9019607843137255,0.0,67
12h,60,0.8529411764705882,1.9956249999999998,67
24h,100,0.8774509803921569,12.611404226190475,67
48h,152,0.9068627450980392,43.69484018589744,67
6h,72,0.6470588235294118,42.600678070175434,110
12h,124,0.696078431372549,60.203532376395536,110
24h,246,0.6985294117647058,74.01174210598327,110
48h,474,0.7095588235294118,88.47006644265643,110
6h,39,0.8088235294117647,500.89725,41
12h,58,0.8578431372549019,649.5659999999999,41
24h,130,0.8406862745098039,393.53407176239506,41
